-- Reset sequences
ALTER SEQUENCE banks_bank_id_seq RESTART WITH 1;
ALTER SEQUENCE branches_branch_id_seq RESTART WITH 1;
ALTER SEQUENCE batch_batch_id_seq RESTART WITH 1;
ALTER SEQUENCE brand_brand_id_seq RESTART WITH 1;
ALTER SEQUENCE customer_city_customer_city_id_seq RESTART WITH 1;
ALTER SEQUENCE customer_checks_check_id_seq RESTART WITH 1;
ALTER SEQUENCE customer_order_customer_order_id_seq RESTART WITH 1;
ALTER SEQUENCE customer_quarters_quarter_id_seq RESTART WITH 1;
ALTER SEQUENCE incoming_payment_payment_id_seq RESTART WITH 1;
ALTER SEQUENCE inventory_inventory_id_seq RESTART WITH 1;
ALTER SEQUENCE outgoing_payment_payment_voucher_id_seq RESTART WITH 1;
ALTER SEQUENCE product_product_id_seq RESTART WITH 1;
ALTER SEQUENCE product_category_product_category_id_seq RESTART WITH 1;
ALTER SEQUENCE sales_rep_city_sales_rep_city_id_seq RESTART WITH 1;
ALTER SEQUENCE supplier_category_supplier_category_id_seq RESTART WITH 1;
ALTER SEQUENCE supplier_checks_check_id_seq RESTART WITH 1;
ALTER SEQUENCE supplier_city_supplier_city_id_seq RESTART WITH 1;
ALTER SEQUENCE supplier_order_order_id_seq RESTART WITH 1;
ALTER SEQUENCE unit_unit_id_seq RESTART WITH 1;

-- Demo data for actors

-- Inventories
INSERT INTO inventory (inventory_name, last_action_by, last_action_time) VALUES
('Main inventory', 'system', NOW()),
('ein senya inventory', 'system', NOW()),
('kufr qasem inventory', 'system', NOW());

-- Customer cities
INSERT INTO customer_city (name, last_action_by, last_action_time) VALUES
('Ramallah', 'system', NOW()),
('Gaza', 'system', NOW()),
('Hebron', 'system', NOW()),
('Nablus', 'system', NOW()),
('Bethlehem', 'system', NOW());

-- Customer quarters
INSERT INTO customer_quarters (name, customer_city, last_action_by, last_action_time) VALUES
('Al-Bireh', 1, 'system', NOW()),
('Beitunia', 1, 'system', NOW()),
('Ein Yabrud', 1, 'system', NOW()),
('Gaza City', 2, 'system', NOW()),
('Khan Yunis', 2, 'system', NOW()),
('Rafah', 2, 'system', NOW()),
('Hebron Old City', 3, 'system', NOW()),
('Halhul', 3, 'system', NOW()),
('Dura', 3, 'system', NOW()),
('Nablus Old City', 4, 'system', NOW()),
('Balata', 4, 'system', NOW()),
('Asira', 4, 'system', NOW()),
('Bethlehem Old City', 5, 'system', NOW()),
('Beit Sahour', 5, 'system', NOW()),
('Beit Jala', 5, 'system', NOW());

-- Supplier cities
INSERT INTO supplier_city (name, last_action_by, last_action_time) VALUES
('Ramallah', 'system', NOW()),
('Gaza', 'system', NOW()),
('Hebron', 'system', NOW()),
('Nablus', 'system', NOW()),
('Bethlehem', 'system', NOW());

-- Sales rep cities
INSERT INTO sales_rep_city (name, last_action_by, last_action_time) VALUES
('Ramallah', 'system', NOW()),
('Gaza', 'system', NOW()),
('Hebron', 'system', NOW()),
('Nablus', 'system', NOW()),
('Bethlehem', 'system', NOW());

-- Supplier categories
INSERT INTO supplier_category (name, last_action_by, last_action_time) VALUES
('Toilets', 'system', NOW()),
('Sinks', 'system', NOW()),
('Faucets', 'system', NOW()),
('Showers', 'system', NOW()),
('Bathtubs', 'system', NOW()),
('Accessories', 'system', NOW());

-- Accountant
INSERT INTO accountant (accountant_id, name, mobile_number, telephone_number, address, last_action_by, last_action_time) VALUES
(111111111, 'Accountant One', '0591234567', '022345678', 'Ramallah', 'system', NOW());

-- Storage manager
INSERT INTO storage_manager (storage_manager_id, name, mobile_number, telephone_number, address, last_action_by, last_action_time) VALUES
(211111111, 'Manager One', '0591234568', '022345679', 'Ramallah', 'system', NOW());

-- Storage staff (9 total, 3 per inventory)
INSERT INTO storage_staff (storage_staff_id, name, mobile_number, telephone_number, address, last_action_by, last_action_time, inventory_id) VALUES
(311111111, 'Staff 1', '0591234569', '022345680', 'Ramallah', 'system', NOW(), 1),
(322222222, 'Staff 2', '0591234570', '022345681', 'Ramallah', 'system', NOW(), 1),
(333333333, 'Staff 3', '0591234571', '022345682', 'Ramallah', 'system', NOW(), 1),
(344444444, 'Staff 4', '0591234572', '022345683', 'Gaza', 'system', NOW(), 2),
(355555555, 'Staff 5', '0591234573', '022345684', 'Gaza', 'system', NOW(), 2),
(366666666, 'Staff 6', '0591234574', '022345685', 'Gaza', 'system', NOW(), 2),
(377777777, 'Staff 7', '0591234575', '022345686', 'Hebron', 'system', NOW(), 3),
(388888888, 'Staff 8', '0591234576', '022345687', 'Hebron', 'system', NOW(), 3),
(399999999, 'Staff 9', '0591234577', '022345688', 'Hebron', 'system', NOW(), 3);

-- Delivery drivers
INSERT INTO delivery_driver (delivery_driver_id, name, mobile_number, telephone_number, address, last_action_by, last_action_time, latitude_location, longitude_location) VALUES
(411111111, 'Driver 1', '0591234578', '022345689', 'Ramallah', 'system', NOW(), 31.9038, 35.2034),
(422222222, 'Driver 2', '0591234579', '022345690', 'Gaza', 'system', NOW(), 31.5017, 34.4668),
(433333333, 'Driver 3', '0591234580', '022345691', 'Hebron', 'system', NOW(), 31.5326, 35.0998),
(444444444, 'Driver 4', '0591234581', '022345692', 'Nablus', 'system', NOW(), 32.2211, 35.2544);

-- Sales representatives
INSERT INTO sales_representative (sales_rep_id, sales_rep_city, name, mobile_number, telephone_number, email, last_action_by, last_action_time) VALUES
(511111111, 1, 'Sales Rep 1', '0591234582', '022345693', 'rep1@example.com', 'system', NOW()),
(522222222, 2, 'Sales Rep 2', '0591234583', '022345694', 'rep2@example.com', 'system', NOW()),
(533333333, 3, 'Sales Rep 3', '0591234584', '022345695', 'rep3@example.com', 'system', NOW()),
(544444444, 4, 'Sales Rep 4', '0591234585', '022345696', 'rep4@example.com', 'system', NOW()),
(555555555, 5, 'Sales Rep 5', '0591234586', '022345697', 'rep5@example.com', 'system', NOW());

-- Customers (80 total)
INSERT INTO customer (customer_id, name, mobile_number, telephone_number, customer_city, address, latitude_location, longitude_location, email, balance_debit, sales_rep_id, last_action_by, last_action_time) VALUES
(100000001, 'Customer 1', '0590000001', '022000001', 1, 'Beside Al-Manara Square', 31.9038, 35.2034, 'cust1@example.com', 0.00, 511111111, 'system', NOW()),
(100000002, 'Customer 2', '0590000002', '022000002', 2, 'Beside the sea', 31.5017, 34.4668, 'cust2@example.com', 0.00, 522222222, 'system', NOW()),
(100000003, 'Customer 3', '0590000003', '022000003', 3, 'Beside the old city', 31.5326, 35.0998, 'cust3@example.com', 0.00, 533333333, 'system', NOW()),
(100000004, 'Customer 4', '0590000004', '022000004', 4, 'Beside the old market', 32.2211, 35.2544, 'cust4@example.com', 0.00, 544444444, 'system', NOW()),
(100000005, 'Customer 5', '0590000005', '022000005', 5, 'Beside the church', 31.7054, 35.2024, 'cust5@example.com', 0.00, NULL, 'system', NOW()),
-- Continue for 6 to 80, similar pattern, cycling cities and sales_rep, some NULL
(100000006, 'Customer 6', '0590000006', '022000006', 1, 'Above the pharmacy on Main Street', 31.9038, 35.2034, 'cust6@example.com', 0.00, 511111111, 'system', NOW()),
(100000007, 'Customer 7', '0590000007', '022000007', 2, 'Above the market', 31.5017, 34.4668, 'cust7@example.com', 0.00, 522222222, 'system', NOW()),
(100000008, 'Customer 8', '0590000008', '022000008', 3, 'Above the market', 31.5326, 35.0998, 'cust8@example.com', 0.00, 533333333, 'system', NOW()),
(100000009, 'Customer 9', '0590000009', '022000009', 4, 'Above the soap factory', 32.2211, 35.2544, 'cust9@example.com', 0.00, 544444444, 'system', NOW()),
(100000010, 'Customer 10', '0590000010', '022000010', 5, 'Above the market', 31.7054, 35.2024, 'cust10@example.com', 0.00, NULL, 'system', NOW()),
(100000011, 'Customer 11', '0590000011', '022000011', 1, 'Near the school', 31.9038, 35.2034, 'cust11@example.com', 0.00, 511111111, 'system', NOW()),
(100000012, 'Customer 12', '0590000012', '022000012', 2, 'Near the port', 31.5017, 34.4668, 'cust12@example.com', 0.00, 522222222, 'system', NOW()),
(100000013, 'Customer 13', '0590000013', '022000013', 3, 'Near the mosque', 31.5326, 35.0998, 'cust13@example.com', 0.00, 533333333, 'system', NOW()),
(100000014, 'Customer 14', '0590000014', '022000014', 4, 'Near the university', 32.2211, 35.2544, 'cust14@example.com', 0.00, 544444444, 'system', NOW()),
(100000015, 'Customer 15', '0590000015', '022000015', 5, 'Near the university', 31.7054, 35.2024, 'cust15@example.com', 0.00, NULL, 'system', NOW()),
(100000016, 'Customer 16', '0590000016', '022000016', 1, 'Opposite the bank', 31.9038, 35.2034, 'cust16@example.com', 0.00, 511111111, 'system', NOW()),
(100000017, 'Customer 17', '0590000017', '022000017', 2, 'Opposite the hospital', 31.5017, 34.4668, 'cust17@example.com', 0.00, 522222222, 'system', NOW()),
(100000018, 'Customer 18', '0590000018', '022000018', 3, 'Opposite the school', 31.5326, 35.0998, 'cust18@example.com', 0.00, 533333333, 'system', NOW()),
(100000019, 'Customer 19', '0590000019', '022000019', 4, 'Opposite the mosque', 32.2211, 35.2544, 'cust19@example.com', 0.00, 544444444, 'system', NOW()),
(100000020, 'Customer 20', '0590000020', '022000020', 5, 'Opposite the mosque', 31.7054, 35.2024, 'cust20@example.com', 0.00, NULL, 'system', NOW()),
(100000021, 'Customer 21', '0590000021', '022000021', 1, 'Next to the supermarket', 31.9038, 35.2034, 'cust21@example.com', 0.00, 511111111, 'system', NOW()),
(100000022, 'Customer 22', '0590000022', '022000022', 2, 'Next to the school', 31.5017, 34.4668, 'cust22@example.com', 0.00, 522222222, 'system', NOW()),
(100000023, 'Customer 23', '0590000023', '022000023', 3, 'Next to the hospital', 31.5326, 35.0998, 'cust23@example.com', 0.00, 533333333, 'system', NOW()),
(100000024, 'Customer 24', '0590000024', '022000024', 4, 'Next to the school', 32.2211, 35.2544, 'cust24@example.com', 0.00, 544444444, 'system', NOW()),
(100000025, 'Customer 25', '0590000025', '022000025', 5, 'Next to the school', 31.7054, 35.2024, 'cust25@example.com', 0.00, NULL, 'system', NOW()),
(100000026, 'Customer 26', '0590000026', '022000026', 1, 'Behind the hospital', 31.9038, 35.2034, 'cust26@example.com', 0.00, 511111111, 'system', NOW()),
(100000027, 'Customer 27', '0590000027', '022000027', 2, 'Behind the mosque', 31.5017, 34.4668, 'cust27@example.com', 0.00, 522222222, 'system', NOW()),
(100000028, 'Customer 28', '0590000028', '022000028', 3, 'Behind the university', 31.5326, 35.0998, 'cust28@example.com', 0.00, 533333333, 'system', NOW()),
(100000029, 'Customer 29', '0590000029', '022000029', 4, 'Behind the hospital', 32.2211, 35.2544, 'cust29@example.com', 0.00, 544444444, 'system', NOW()),
(100000030, 'Customer 30', '0590000030', '022000030', 5, 'Behind the hospital', 31.7054, 35.2024, 'cust30@example.com', 0.00, NULL, 'system', NOW()),
(100000031, 'Customer 31', '0590000031', '022000031', 1, 'In front of the park', 31.9038, 35.2034, 'cust31@example.com', 0.00, 511111111, 'system', NOW()),
(100000032, 'Customer 32', '0590000032', '022000032', 2, 'In front of the beach', 31.5017, 34.4668, 'cust32@example.com', 0.00, 522222222, 'system', NOW()),
(100000033, 'Customer 33', '0590000033', '022000033', 3, 'In front of the park', 31.5326, 35.0998, 'cust33@example.com', 0.00, 533333333, 'system', NOW()),
(100000034, 'Customer 34', '0590000034', '022000034', 4, 'In front of the park', 32.2211, 35.2544, 'cust34@example.com', 0.00, 544444444, 'system', NOW()),
(100000035, 'Customer 35', '0590000035', '022000035', 5, 'In front of the park', 31.7054, 35.2024, 'cust35@example.com', 0.00, NULL, 'system', NOW()),
(100000036, 'Customer 36', '0590000036', '022000036', 1, 'Near the university', 31.9038, 35.2034, 'cust36@example.com', 0.00, 511111111, 'system', NOW()),
(100000037, 'Customer 37', '0590000037', '022000037', 2, 'Near the university', 31.5017, 34.4668, 'cust37@example.com', 0.00, 522222222, 'system', NOW()),
(100000038, 'Customer 38', '0590000038', '022000038', 3, 'Near the pharmacy', 31.5326, 35.0998, 'cust38@example.com', 0.00, 533333333, 'system', NOW()),
(100000039, 'Customer 39', '0590000039', '022000039', 4, 'Near the pharmacy', 32.2211, 35.2544, 'cust39@example.com', 0.00, 544444444, 'system', NOW()),
(100000040, 'Customer 40', '0590000040', '022000040', 5, 'Near the pharmacy', 31.7054, 35.2024, 'cust40@example.com', 0.00, NULL, 'system', NOW()),
(100000041, 'Customer 41', '0590000041', '022000041', 1, 'Above the restaurant', 31.9038, 35.2034, 'cust41@example.com', 0.00, 511111111, 'system', NOW()),
(100000042, 'Customer 42', '0590000042', '022000042', 2, 'Above the pharmacy', 31.5017, 34.4668, 'cust42@example.com', 0.00, 522222222, 'system', NOW()),
(100000043, 'Customer 43', '0590000043', '022000043', 3, 'Above the restaurant', 31.5326, 35.0998, 'cust43@example.com', 0.00, 533333333, 'system', NOW()),
(100000044, 'Customer 44', '0590000044', '022000044', 4, 'Above the restaurant', 32.2211, 35.2544, 'cust44@example.com', 0.00, 544444444, 'system', NOW()),
(100000045, 'Customer 45', '0590000045', '022000045', 5, 'Above the restaurant', 31.7054, 35.2024, 'cust45@example.com', 0.00, NULL, 'system', NOW()),
(100000046, 'Customer 46', '0590000046', '022000046', 1, 'Beside the mosque', 31.9038, 35.2034, 'cust46@example.com', 0.00, 511111111, 'system', NOW()),
(100000047, 'Customer 47', '0590000047', '022000047', 2, 'Beside the supermarket', 31.5017, 34.4668, 'cust47@example.com', 0.00, 522222222, 'system', NOW()),
(100000048, 'Customer 48', '0590000048', '022000048', 3, 'Beside the bank', 31.5326, 35.0998, 'cust48@example.com', 0.00, 533333333, 'system', NOW()),
(100000049, 'Customer 49', '0590000049', '022000049', 4, 'Beside the bank', 32.2211, 35.2544, 'cust49@example.com', 0.00, 544444444, 'system', NOW()),
(100000050, 'Customer 50', '0590000050', '022000050', 5, 'Beside the bank', 31.7054, 35.2024, 'cust50@example.com', 0.00, NULL, 'system', NOW()),
(100000051, 'Customer 51', '0590000051', '022000051', 1, 'Beside Al-Manara Square', 31.9038, 35.2034, 'cust51@example.com', 0.00, 511111111, 'system', NOW()),
(100000052, 'Customer 52', '0590000052', '022000052', 2, 'Beside the sea', 31.5017, 34.4668, 'cust52@example.com', 0.00, 522222222, 'system', NOW()),
(100000053, 'Customer 53', '0590000053', '022000053', 3, 'Beside the old city', 31.5326, 35.0998, 'cust53@example.com', 0.00, 533333333, 'system', NOW()),
(100000054, 'Customer 54', '0590000054', '022000054', 4, 'Beside the old market', 32.2211, 35.2544, 'cust54@example.com', 0.00, 544444444, 'system', NOW()),
(100000055, 'Customer 55', '0590000055', '022000055', 5, 'Beside the church', 31.7054, 35.2024, 'cust55@example.com', 0.00, NULL, 'system', NOW()),
(100000056, 'Customer 56', '0590000056', '022000056', 1, 'Above the pharmacy on Main Street', 31.9038, 35.2034, 'cust56@example.com', 0.00, 511111111, 'system', NOW()),
(100000057, 'Customer 57', '0590000057', '022000057', 2, 'Above the market', 31.5017, 34.4668, 'cust57@example.com', 0.00, 522222222, 'system', NOW()),
(100000058, 'Customer 58', '0590000058', '022000058', 3, 'Above the market', 31.5326, 35.0998, 'cust58@example.com', 0.00, 533333333, 'system', NOW()),
(100000059, 'Customer 59', '0590000059', '022000059', 4, 'Above the soap factory', 32.2211, 35.2544, 'cust59@example.com', 0.00, 544444444, 'system', NOW()),
(100000060, 'Customer 60', '0590000060', '022000060', 5, 'Above the market', 31.7054, 35.2024, 'cust60@example.com', 0.00, NULL, 'system', NOW()),
(100000061, 'Customer 61', '0590000061', '022000061', 1, 'Near the school', 31.9038, 35.2034, 'cust61@example.com', 0.00, 511111111, 'system', NOW()),
(100000062, 'Customer 62', '0590000062', '022000062', 2, 'Near the port', 31.5017, 34.4668, 'cust62@example.com', 0.00, 522222222, 'system', NOW()),
(100000063, 'Customer 63', '0590000063', '022000063', 3, 'Near the mosque', 31.5326, 35.0998, 'cust63@example.com', 0.00, 533333333, 'system', NOW()),
(100000064, 'Customer 64', '0590000064', '022000064', 4, 'Near the university', 32.2211, 35.2544, 'cust64@example.com', 0.00, 544444444, 'system', NOW()),
(100000065, 'Customer 65', '0590000065', '022000065', 5, 'Near the university', 31.7054, 35.2024, 'cust65@example.com', 0.00, NULL, 'system', NOW()),
(100000066, 'Customer 66', '0590000066', '022000066', 1, 'Opposite the bank', 31.9038, 35.2034, 'cust66@example.com', 0.00, 511111111, 'system', NOW()),
(100000067, 'Customer 67', '0590000067', '022000067', 2, 'Opposite the hospital', 31.5017, 34.4668, 'cust67@example.com', 0.00, 522222222, 'system', NOW()),
(100000068, 'Customer 68', '0590000068', '022000068', 3, 'Opposite the school', 31.5326, 35.0998, 'cust68@example.com', 0.00, 533333333, 'system', NOW()),
(100000069, 'Customer 69', '0590000069', '022000069', 4, 'Opposite the mosque', 32.2211, 35.2544, 'cust69@example.com', 0.00, 544444444, 'system', NOW()),
(100000070, 'Customer 70', '0590000070', '022000070', 5, 'Opposite the mosque', 31.7054, 35.2024, 'cust70@example.com', 0.00, NULL, 'system', NOW()),
(100000071, 'Customer 71', '0590000071', '022000071', 1, 'Next to the supermarket', 31.9038, 35.2034, 'cust71@example.com', 0.00, 511111111, 'system', NOW()),
(100000072, 'Customer 72', '0590000072', '022000072', 2, 'Next to the school', 31.5017, 34.4668, 'cust72@example.com', 0.00, 522222222, 'system', NOW()),
(100000073, 'Customer 73', '0590000073', '022000073', 3, 'Next to the hospital', 31.5326, 35.0998, 'cust73@example.com', 0.00, 533333333, 'system', NOW()),
(100000074, 'Customer 74', '0590000074', '022000074', 4, 'Next to the school', 32.2211, 35.2544, 'cust74@example.com', 0.00, 544444444, 'system', NOW()),
(100000075, 'Customer 75', '0590000075', '022000075', 5, 'Next to the school', 31.7054, 35.2024, 'cust75@example.com', 0.00, NULL, 'system', NOW()),
(100000076, 'Customer 76', '0590000076', '022000076', 1, 'Behind the hospital', 31.9038, 35.2034, 'cust76@example.com', 0.00, 511111111, 'system', NOW()),
(100000077, 'Customer 77', '0590000077', '022000077', 2, 'Behind the mosque', 31.5017, 34.4668, 'cust77@example.com', 0.00, 522222222, 'system', NOW()),
(100000078, 'Customer 78', '0590000078', '022000078', 3, 'Behind the university', 31.5326, 35.0998, 'cust78@example.com', 0.00, 533333333, 'system', NOW()),
(100000079, 'Customer 79', '0590000079', '022000079', 4, 'Behind the hospital', 32.2211, 35.2544, 'cust79@example.com', 0.00, 544444444, 'system', NOW()),
(100000080, 'Customer 80', '0590000080', '022000080', 5, 'Behind the hospital', 31.7054, 35.2024, 'cust80@example.com', 0.00, NULL, 'system', NOW());

-- Suppliers (30 total)
INSERT INTO supplier (supplier_id, name, mobile_number, telephone_number, supplier_city, address, email, creditor_balance, supplier_category_id, last_action_by, last_action_time) VALUES
(200000001, 'Supplier 1', '0591000001', '022100001', 1, 'Ramallah', 'sup1@example.com', 0.00, 1, 'system', NOW()),
(200000002, 'Supplier 2', '0591000002', '022100002', 2, 'Gaza', 'sup2@example.com', 0.00, 1, 'system', NOW()),
(200000003, 'Supplier 3', '0591000003', '022100003', 3, 'Hebron', 'sup3@example.com', 0.00, 1, 'system', NOW()),
(200000004, 'Supplier 4', '0591000004', '022100004', 4, 'Nablus', 'sup4@example.com', 0.00, 1, 'system', NOW()),
(200000005, 'Supplier 5', '0591000005', '022100005', 5, 'Bethlehem', 'sup5@example.com', 0.00, 1, 'system', NOW()),
(200000006, 'Supplier 6', '0591000006', '022100006', 1, 'Ramallah', 'sup6@example.com', 0.00, 2, 'system', NOW()),
(200000007, 'Supplier 7', '0591000007', '022100007', 2, 'Gaza', 'sup7@example.com', 0.00, 2, 'system', NOW()),
(200000008, 'Supplier 8', '0591000008', '022100008', 3, 'Hebron', 'sup8@example.com', 0.00, 2, 'system', NOW()),
(200000009, 'Supplier 9', '0591000009', '022100009', 4, 'Nablus', 'sup9@example.com', 0.00, 2, 'system', NOW()),
(200000010, 'Supplier 10', '0591000010', '022100010', 5, 'Bethlehem', 'sup10@example.com', 0.00, 2, 'system', NOW()),
(200000011, 'Supplier 11', '0591000011', '022100011', 1, 'Ramallah', 'sup11@example.com', 0.00, 3, 'system', NOW()),
(200000012, 'Supplier 12', '0591000012', '022100012', 2, 'Gaza', 'sup12@example.com', 0.00, 3, 'system', NOW()),
(200000013, 'Supplier 13', '0591000013', '022100013', 3, 'Hebron', 'sup13@example.com', 0.00, 3, 'system', NOW()),
(200000014, 'Supplier 14', '0591000014', '022100014', 4, 'Nablus', 'sup14@example.com', 0.00, 3, 'system', NOW()),
(200000015, 'Supplier 15', '0591000015', '022100015', 5, 'Bethlehem', 'sup15@example.com', 0.00, 3, 'system', NOW()),
(200000016, 'Supplier 16', '0591000016', '022100016', 1, 'Ramallah', 'sup16@example.com', 0.00, 4, 'system', NOW()),
(200000017, 'Supplier 17', '0591000017', '022100017', 2, 'Gaza', 'sup17@example.com', 0.00, 4, 'system', NOW()),
(200000018, 'Supplier 18', '0591000018', '022100018', 3, 'Hebron', 'sup18@example.com', 0.00, 4, 'system', NOW()),
(200000019, 'Supplier 19', '0591000019', '022100019', 4, 'Nablus', 'sup19@example.com', 0.00, 4, 'system', NOW()),
(200000020, 'Supplier 20', '0591000020', '022100020', 5, 'Bethlehem', 'sup20@example.com', 0.00, 4, 'system', NOW()),
(200000021, 'Supplier 21', '0591000021', '022100021', 1, 'Ramallah', 'sup21@example.com', 0.00, 5, 'system', NOW()),
(200000022, 'Supplier 22', '0591000022', '022100022', 2, 'Gaza', 'sup22@example.com', 0.00, 5, 'system', NOW()),
(200000023, 'Supplier 23', '0591000023', '022100023', 3, 'Hebron', 'sup23@example.com', 0.00, 5, 'system', NOW()),
(200000024, 'Supplier 24', '0591000024', '022100024', 4, 'Nablus', 'sup24@example.com', 0.00, 5, 'system', NOW()),
(200000025, 'Supplier 25', '0591000025', '022100025', 5, 'Bethlehem', 'sup25@example.com', 0.00, 5, 'system', NOW()),
(200000026, 'Supplier 26', '0591000026', '022100026', 1, 'Ramallah', 'sup26@example.com', 0.00, 6, 'system', NOW()),
(200000027, 'Supplier 27', '0591000027', '022100027', 2, 'Gaza', 'sup27@example.com', 0.00, 6, 'system', NOW()),
(200000028, 'Supplier 28', '0591000028', '022100028', 3, 'Hebron', 'sup28@example.com', 0.00, 6, 'system', NOW()),
(200000029, 'Supplier 29', '0591000029', '022100029', 4, 'Nablus', 'sup29@example.com', 0.00, 6, 'system', NOW()),
(200000030, 'Supplier 30', '0591000030', '022100030', 5, 'Bethlehem', 'sup30@example.com', 0.00, 6, 'system', NOW());

-- Note: supplier_category_id assumed 1, but need to insert categories first? Wait, schema has supplier_category, but not inserted yet. For demo, assume insert later or set to 1.

-- User accounts
INSERT INTO user_account_accountant (accountant_id, password, added_by, added_time, is_active, profile_image) VALUES
(111111111, '1234', 'system', NOW(), 'yes', '');

INSERT INTO user_account_storage_manager (storage_manager_id, password, added_by, added_time, is_active, profile_image) VALUES
(211111111, '1234', 'system', NOW(), 'yes', '');

INSERT INTO user_account_storage_staff (storage_staff_id, password, added_by, added_time, is_active, profile_image) VALUES
(311111111, '1234', 'system', NOW(), 'yes', ''),
(322222222, '1234', 'system', NOW(), 'yes', ''),
(333333333, '1234', 'system', NOW(), 'yes', ''),
(344444444, '1234', 'system', NOW(), 'yes', ''),
(355555555, '1234', 'system', NOW(), 'yes', ''),
(366666666, '1234', 'system', NOW(), 'yes', ''),
(377777777, '1234', 'system', NOW(), 'yes', ''),
(388888888, '1234', 'system', NOW(), 'yes', ''),
(399999999, '1234', 'system', NOW(), 'yes', '');

INSERT INTO user_account_delivery_driver (delivery_driver_id, password, added_by, added_time, is_active, profile_image) VALUES
(411111111, '1234', 'system', NOW(), 'yes', ''),
(422222222, '1234', 'system', NOW(), 'yes', ''),
(433333333, '1234', 'system', NOW(), 'yes', ''),
(444444444, '1234', 'system', NOW(), 'yes', '');

INSERT INTO user_account_sales_rep (sales_rep_id, password, added_by, added_time, is_active, profile_image) VALUES
(511111111, '1234', 'system', NOW(), 'yes', ''),
(522222222, '1234', 'system', NOW(), 'yes', ''),
(533333333, '1234', 'system', NOW(), 'yes', ''),
(544444444, '1234', 'system', NOW(), 'yes', ''),
(555555555, '1234', 'system', NOW(), 'yes', '');

INSERT INTO user_account_customer (customer_id, password, is_active, added_by, added_time, profile_image) VALUES
(100000005, '1234', 'yes', 'system', NOW(), ''),
(100000010, '1234', 'yes', 'system', NOW(), ''),
(100000015, '1234', 'yes', 'system', NOW(), ''),
(100000020, '1234', 'yes', 'system', NOW(), ''),
(100000025, '1234', 'yes', 'system', NOW(), ''),
(100000030, '1234', 'yes', 'system', NOW(), ''),
(100000035, '1234', 'yes', 'system', NOW(), ''),
(100000040, '1234', 'yes', 'system', NOW(), ''),
(100000045, '1234', 'yes', 'system', NOW(), ''),
(100000050, '1234', 'yes', 'system', NOW(), ''),
(100000055, '1234', 'yes', 'system', NOW(), ''),
(100000060, '1234', 'yes', 'system', NOW(), ''),
(100000065, '1234', 'yes', 'system', NOW(), ''),
(100000070, '1234', 'yes', 'system', NOW(), ''),
(100000075, '1234', 'yes', 'system', NOW(), ''),
(100000080, '1234', 'yes', 'system', NOW(), '');

INSERT INTO user_account_supplier (supplier_id, password, is_active, added_by, added_time, profile_image) VALUES
(200000001, '1234', 'yes', 'system', NOW(), ''),
(200000002, '1234', 'yes', 'system', NOW(), ''),
(200000003, '1234', 'yes', 'system', NOW(), ''),
(200000004, '1234', 'yes', 'system', NOW(), ''),
(200000005, '1234', 'yes', 'system', NOW(), ''),
(200000006, '1234', 'yes', 'system', NOW(), ''),
(200000007, '1234', 'yes', 'system', NOW(), ''),
(200000008, '1234', 'yes', 'system', NOW(), ''),
(200000009, '1234', 'yes', 'system', NOW(), ''),
(200000010, '1234', 'yes', 'system', NOW(), ''),
(200000011, '1234', 'yes', 'system', NOW(), ''),
(200000012, '1234', 'yes', 'system', NOW(), ''),
(200000013, '1234', 'yes', 'system', NOW(), ''),
(200000014, '1234', 'yes', 'system', NOW(), ''),
(200000015, '1234', 'yes', 'system', NOW(), ''),
(200000016, '1234', 'yes', 'system', NOW(), ''),
(200000017, '1234', 'yes', 'system', NOW(), ''),
(200000018, '1234', 'yes', 'system', NOW(), ''),
(200000019, '1234', 'yes', 'system', NOW(), ''),
(200000020, '1234', 'yes', 'system', NOW(), ''),
(200000021, '1234', 'yes', 'system', NOW(), ''),
(200000022, '1234', 'yes', 'system', NOW(), ''),
(200000023, '1234', 'yes', 'system', NOW(), ''),
(200000024, '1234', 'yes', 'system', NOW(), ''),
(200000025, '1234', 'yes', 'system', NOW(), ''),
(200000026, '1234', 'yes', 'system', NOW(), ''),
(200000027, '1234', 'yes', 'system', NOW(), ''),
(200000028, '1234', 'yes', 'system', NOW(), ''),
(200000029, '1234', 'yes', 'system', NOW(), ''),
(200000030, '1234', 'yes', 'system', NOW(), '');

-- Units
INSERT INTO unit (unit_name) VALUES
('pcs'),
('cm'),
('weight');

-- Product categories
INSERT INTO product_category (name, last_action_by, last_action_time) VALUES
('Toilets', 'system', NOW()),
('Sinks', 'system', NOW()),
('Faucets', 'system', NOW()),
('Showers', 'system', NOW()),
('Bathtubs', 'system', NOW()),
('Accessories', 'system', NOW());

-- Brands
INSERT INTO brand (name, last_action_by, last_action_time) VALUES
('Kohler', 'system', NOW()),
('Toto', 'system', NOW()),
('American Standard', 'system', NOW()),
('Moen', 'system', NOW()),
('Delta', 'system', NOW()),
('Grohe', 'system', NOW()),
('Hansgrohe', 'system', NOW()),
('Roca', 'system', NOW()),
('Villeroy & Boch', 'system', NOW()),
('Duravit', 'system', NOW());

-- Products
INSERT INTO product (category_id, name, brand_id, wholesale_price, selling_price, minimum_profit_percent, unit_id, is_active, last_action_by, last_action_time, total_quantity, product_image, minimum_stock, description) VALUES
-- Toilets (category 1) - Higher minimum stock
(1, 'Cimarron Comfort Height Toilet', 1, 150.00, 200.00, 12.00, 1, true, 'system', NOW(), 0, '', 10, 'Comfort height two-piece toilet with elongated bowl, powerful flushing, and quiet close seat'),
(1, 'Drake Two-Piece Toilet', 2, 160.00, 220.00, 11.50, 1, true, 'system', NOW(), 0, '', 8, 'Two-piece toilet with Tornado Flush technology and CEFIONTECT ceramic glaze'),
(1, 'Cadet 3 Flowise Toilet', 3, 140.00, 190.00, 13.00, 1, true, 'system', NOW(), 0, '', 12, 'One-piece toilet with 3-inch flush valve and EverClean surface'),
(1, 'One-Piece Toilet 6392', 4, 170.00, 230.00, 10.50, 1, true, 'system', NOW(), 0, '', 9, 'One-piece toilet with high-efficiency flushing and soft-close seat'),
(1, 'Wall-Hung Toilet 75746', 5, 180.00, 250.00, 11.00, 1, true, 'system', NOW(), 0, '', 8, 'Wall-hung toilet with concealed tank and dual flush capability'),
(1, 'Floor-Standing Toilet 38728', 6, 155.00, 210.00, 12.50, 1, true, 'system', NOW(), 0, '', 11, 'Floor-standing toilet with Grohe SilentFlush and QuickRelease seat'),
(1, 'Compact Toilet 041001', 7, 145.00, 195.00, 13.50, 1, true, 'system', NOW(), 0, '', 10, 'Compact toilet with Hansgrohe technology and soft-close lid'),
(1, 'Wall-Hung Toilet The Gap', 8, 175.00, 240.00, 11.50, 1, true, 'system', NOW(), 0, '', 9, 'Wall-hung toilet with Roca design and dual flush system'),
(1, 'One-Piece Toilet Subway', 9, 165.00, 225.00, 12.00, 1, true, 'system', NOW(), 0, '', 10, 'One-piece toilet with Villeroy & Boch quality and ceramic surface'),
(1, 'Wall-Hung Toilet Starck 3', 10, 185.00, 260.00, 10.00, 1, true, 'system', NOW(), 0, '', 8, 'Wall-hung toilet designed by Philippe Starck with Duravit engineering'),
-- Sinks (category 2)
(2, 'Memoirs Pedestal Sink', 1, 120.00, 160.00, 11.00, 1, true, 'system', NOW(), 0, '', 8, 'Pedestal sink with classic styling and vitreous china construction'),
(2, 'Undermount Sink LT307', 2, 130.00, 170.00, 10.50, 1, true, 'system', NOW(), 0, '', 7, 'Undermount sink with CEFIONTECT glaze and rectangular design'),
(2, 'Drop-In Sink Town Square', 3, 110.00, 150.00, 12.50, 1, true, 'system', NOW(), 0, '', 9, 'Drop-in sink with EverClean surface and versatile installation'),
(2, 'Single Bowl Sink 9000', 4, 125.00, 165.00, 11.50, 1, true, 'system', NOW(), 0, '', 8, 'Single bowl sink with stainless steel construction and undermount option'),
(2, 'Vessel Sink 75747', 5, 135.00, 180.00, 11.00, 1, true, 'system', NOW(), 0, '', 6, 'Vessel sink with above-counter installation and modern design'),
(2, 'Wall-Mount Sink 31359', 6, 115.00, 155.00, 13.00, 1, true, 'system', NOW(), 0, '', 10, 'Wall-mount sink with Grohe technology and durable finish'),
(2, 'Corner Sink 041002', 7, 140.00, 185.00, 10.00, 1, true, 'system', NOW(), 0, '', 7, 'Corner sink with Hansgrohe quality and space-saving design'),
(2, 'Countertop Sink Debba', 8, 105.00, 145.00, 12.00, 1, true, 'system', NOW(), 0, '', 8, 'Countertop sink with Roca design and ceramic material'),
(2, 'Undermount Sink Finion', 9, 150.00, 200.00, 11.00, 1, true, 'system', NOW(), 0, '', 6, 'Undermount sink with Villeroy & Boch craftsmanship'),
(2, 'Vessel Sink Vero', 10, 125.00, 170.00, 12.50, 1, true, 'system', NOW(), 0, '', 9, 'Vessel sink with Duravit quality and contemporary styling'),
-- Faucets (category 3)
(3, 'Forte Single Handle Faucet', 1, 80.00, 110.00, 12.50, 1, true, 'system', NOW(), 0, '', 6, 'Single handle faucet with KOHLER technology and ceramic disc valves'),
(3, 'Touchless Faucet TLG01', 2, 90.00, 120.00, 11.00, 1, true, 'system', NOW(), 0, '', 5, 'Touchless faucet with TOTO sensor technology and water-saving design'),
(3, 'Two Handle Faucet 7022', 3, 70.00, 100.00, 14.00, 1, true, 'system', NOW(), 0, '', 7, 'Two handle faucet with American Standard quality and traditional style'),
(3, 'Pull-Out Faucet 7594', 4, 85.00, 115.00, 12.00, 1, true, 'system', NOW(), 0, '', 6, 'Pull-out faucet with Moen technology and spray function'),
(3, 'Single Handle Faucet 9178', 5, 75.00, 105.00, 13.00, 1, true, 'system', NOW(), 0, '', 8, 'Single handle faucet with Delta design and diamond seal technology'),
(3, 'Wall-Mount Faucet 20159', 6, 95.00, 125.00, 10.50, 1, true, 'system', NOW(), 0, '', 5, 'Wall-mount faucet with Grohe quality and solid brass construction'),
(3, 'Deck-Mount Faucet 041003', 7, 65.00, 95.00, 14.50, 1, true, 'system', NOW(), 0, '', 7, 'Deck-mount faucet with Hansgrohe engineering and durable finish'),
(3, 'Single Lever Faucet Gap', 8, 100.00, 130.00, 9.50, 1, true, 'system', NOW(), 0, '', 6, 'Single lever faucet with Roca design and ceramic cartridge'),
(3, 'Two Handle Faucet Subway', 9, 85.00, 115.00, 12.50, 1, true, 'system', NOW(), 0, '', 8, 'Two handle faucet with Villeroy & Boch quality and classic styling'),
(3, 'Sensor Faucet Starck', 10, 110.00, 140.00, 10.00, 1, true, 'system', NOW(), 0, '', 5, 'Sensor faucet designed by Philippe Starck with Duravit technology'),
-- Showers (category 4)
(4, 'Awaken Showerhead', 1, 60.00, 85.00, 13.50, 1, true, 'system', NOW(), 0, '', 5, 'Rainfall showerhead with KOHLER design and Katalyst air-induction spray'),
(4, 'Rainfall Shower TS300', 2, 70.00, 95.00, 12.50, 1, true, 'system', NOW(), 0, '', 6, 'Rainfall shower with TOTO technology and wide spray pattern'),
(4, 'Handheld Shower 1660', 3, 50.00, 75.00, 15.00, 1, true, 'system', NOW(), 0, '', 7, 'Handheld shower with American Standard quality and adjustable spray'),
(4, 'Fixed Showerhead 26008', 4, 55.00, 80.00, 14.00, 1, true, 'system', NOW(), 0, '', 6, 'Fixed showerhead with Moen technology and self-cleaning nozzles'),
(4, 'Adjustable Shower 52652', 5, 65.00, 90.00, 12.00, 1, true, 'system', NOW(), 0, '', 5, 'Adjustable shower with Delta design and Touch-Clean spray holes'),
(4, 'Ceiling Mount Shower 27461', 6, 75.00, 100.00, 11.00, 1, true, 'system', NOW(), 0, '', 4, 'Ceiling mount shower with Grohe quality and DreamSpray technology'),
(4, 'Wall Bar Shower 041004', 7, 45.00, 70.00, 15.50, 1, true, 'system', NOW(), 0, '', 7, 'Wall bar shower with Hansgrohe engineering and adjustable height'),
(4, 'Thermostatic Shower Victoria', 8, 80.00, 105.00, 10.50, 1, true, 'system', NOW(), 0, '', 5, 'Thermostatic shower with Roca technology and temperature control'),
(4, 'Rain Shower Subway', 9, 70.00, 95.00, 12.50, 1, true, 'system', NOW(), 0, '', 6, 'Rain shower with Villeroy & Boch design and ceramic surface'),
(4, 'Wall-Mount Shower C.1', 10, 85.00, 110.00, 9.50, 1, true, 'system', NOW(), 0, '', 4, 'Wall-mount shower designed by Philippe Starck with Duravit quality'),
-- Bathtubs (category 5) - Lower minimum stock
(5, 'Archer Bathtub', 1, 300.00, 400.00, 11.00, 1, true, 'system', NOW(), 0, '', 4, 'Acrylic bathtub with integral apron and lumbar support'),
(5, 'Soaking Tub A355', 2, 320.00, 420.00, 10.50, 1, true, 'system', NOW(), 0, '', 3, 'Soaking tub with TOTO quality and deep bathing well'),
(5, 'Whirlpool Tub Evolution', 3, 350.00, 450.00, 9.00, 1, true, 'system', NOW(), 0, '', 5, 'Whirlpool tub with American Standard technology and massage jets'),
(5, 'Freestanding Tub 1234', 4, 280.00, 380.00, 12.50, 1, true, 'system', NOW(), 0, '', 4, 'Freestanding tub with Moen design and solid construction'),
(5, 'Corner Tub 5678', 5, 310.00, 410.00, 11.50, 1, true, 'system', NOW(), 0, '', 3, 'Corner tub with Delta quality and space-efficient design'),
(5, 'Drop-In Tub 7890', 6, 290.00, 390.00, 13.00, 1, true, 'system', NOW(), 0, '', 4, 'Drop-in tub with Grohe technology and durable finish'),
(5, 'Alcove Tub 041005', 7, 330.00, 430.00, 10.00, 1, true, 'system', NOW(), 0, '', 5, 'Alcove tub with Hansgrohe engineering and standard sizing'),
(5, 'Freestanding Tub Meridian', 8, 340.00, 440.00, 9.50, 1, true, 'system', NOW(), 0, '', 3, 'Freestanding tub with Roca design and elegant curves'),
(5, 'Undermount Tub Architectura', 9, 360.00, 460.00, 10.00, 1, true, 'system', NOW(), 0, '', 4, 'Undermount tub with Villeroy & Boch quality and seamless design'),
(5, 'Bathtub Happy D.2', 10, 370.00, 470.00, 8.50, 1, true, 'system', NOW(), 0, '', 3, 'Bathtub designed by Philippe Starck with Duravit innovation'),
-- Accessories (category 6) - Higher minimum stock for small items
(6, 'Toilet Paper Holder', 1, 20.00, 30.00, 15.00, 1, true, 'system', NOW(), 0, '', 15, 'Toilet paper holder with KOHLER design and concealed mounting'),
(6, 'Grab Bar THU932', 2, 25.00, 35.00, 13.00, 1, true, 'system', NOW(), 0, '', 12, 'Grab bar with TOTO quality and secure installation'),
(6, 'Towel Ring 738', 3, 15.00, 25.00, 16.50, 1, true, 'system', NOW(), 0, '', 18, 'Towel ring with American Standard finish and sturdy construction'),
(6, 'Soap Dispenser YB2803', 4, 18.00, 28.00, 14.50, 1, true, 'system', NOW(), 0, '', 16, 'Soap dispenser with Moen technology and easy refill'),
(6, 'Shower Curtain Rod RP50781', 5, 22.00, 32.00, 14.00, 1, true, 'system', NOW(), 0, '', 14, 'Shower curtain rod with Delta design and adjustable length'),
(6, 'Toilet Brush 40534', 6, 12.00, 22.00, 16.00, 1, true, 'system', NOW(), 0, '', 20, 'Toilet brush with Grohe quality and holder included'),
(6, 'Robe Hook 041006', 7, 10.00, 20.00, 17.00, 1, true, 'system', NOW(), 0, '', 22, 'Robe hook with Hansgrohe finish and secure mounting'),
(6, 'Bathroom Mirror 1234', 8, 40.00, 50.00, 12.50, 1, true, 'system', NOW(), 0, '', 10, 'Bathroom mirror with Roca design and fog-free option'),
(6, 'Bathroom Shelf 5678', 9, 35.00, 45.00, 12.00, 1, true, 'system', NOW(), 0, '', 12, 'Bathroom shelf with Villeroy & Boch quality and storage space'),
(6, 'Wastebasket 7890', 10, 30.00, 40.00, 11.00, 1, true, 'system', NOW(), 0, '', 14, 'Wastebasket with Duravit design and odor control'),
-- Additional toilets
(1, 'Cimarron Elongated Toilet', 1, 155.00, 205.00, 11.50, 1, true, 'system', NOW(), 0, '', 9, 'Elongated two-piece toilet with comfort height and powerful flush'),
(1, 'One-Piece Toilet CST744', 2, 165.00, 215.00, 10.00, 1, true, 'system', NOW(), 0, '', 8, 'One-piece toilet with Tornado Flush and CEFIONTECT protection'),
(1, 'Champion 4 Toilet', 3, 145.00, 195.00, 13.50, 1, true, 'system', NOW(), 0, '', 11, 'High-efficiency toilet with 4-inch flush valve and EverClean surface'),
(1, 'Two-Piece Toilet 6393', 4, 175.00, 225.00, 9.50, 1, true, 'system', NOW(), 0, '', 10, 'Two-piece toilet with high-efficiency flushing and soft-close seat'),
(1, 'Bidet Toilet 75748', 5, 185.00, 235.00, 10.50, 1, true, 'system', NOW(), 0, '', 7, 'Toilet with integrated bidet and warm water cleansing'),
(1, 'Dual Flush Toilet 38729', 6, 160.00, 210.00, 11.50, 1, true, 'system', NOW(), 0, '', 9, 'Dual flush toilet with Grohe technology and water conservation'),
(1, 'Rimless Toilet 041007', 7, 150.00, 200.00, 12.50, 1, true, 'system', NOW(), 0, '', 10, 'Rimless toilet with Hansgrohe design and easy cleaning'),
(1, 'In-Tank Toilet', 8, 170.00, 220.00, 10.00, 1, true, 'system', NOW(), 0, '', 8, 'Toilet with in-tank system and Roca quality construction'),
(1, 'Omnia Toilet', 9, 180.00, 230.00, 9.00, 1, true, 'system', NOW(), 0, '', 9, 'Universal toilet with Villeroy & Boch design and accessibility features'),
(1, 'D-Code Toilet', 10, 190.00, 240.00, 8.00, 1, true, 'system', NOW(), 0, '', 8, 'Designer toilet with Duravit technology and minimalist design');

-- Batches
INSERT INTO batch (product_id, supplier_id, quantity, inventory_id, storage_location_descrption, last_action_by, last_action_time, expiry_date, production_date) VALUES
(1, 200000001, 50, 1, 'Floor 1 - Aisle 2 - Shelf 3', 'system', NOW(), NULL, '2022-03-15'),
(1, 200000001, 30, 2, 'Floor 2 - Aisle 1 - Shelf 4', 'system', NOW(), NULL, '2022-07-22'),
(2, 200000002, 40, 1, 'Floor 1 - Aisle 3 - Shelf 2', 'system', NOW(), NULL, '2022-11-08'),
(2, 200000002, 25, 3, 'Floor 3 - Aisle 2 - Shelf 1', 'system', NOW(), NULL, '2023-02-14'),
(3, 200000003, 60, 2, 'Floor 2 - Aisle 4 - Shelf 3', 'system', NOW(), NULL, '2023-06-30'),
(3, 200000003, 35, 1, 'Floor 4 - Aisle 1 - Shelf 5', 'system', NOW(), NULL, '2023-10-15'),
(4, 200000004, 45, 3, 'Floor 3 - Aisle 5 - Shelf 2', 'system', NOW(), NULL, '2024-01-20'),
(4, 200000004, 20, 2, 'Floor 5 - Aisle 3 - Shelf 4', 'system', NOW(), NULL, '2024-05-05'),
(5, 200000005, 55, 1, 'Floor 4 - Aisle 2 - Shelf 1', 'system', NOW(), NULL, '2022-04-12'),
(5, 200000005, 40, 3, 'Floor 1 - Aisle 4 - Shelf 3', 'system', NOW(), NULL, '2022-08-28'),
(6, 200000001, 30, 2, 'Floor 5 - Aisle 1 - Shelf 2', 'system', NOW(), NULL, '2022-12-03'),
(6, 200000001, 50, 1, 'Floor 2 - Aisle 3 - Shelf 5', 'system', NOW(), NULL, '2023-03-18'),
(7, 200000002, 25, 3, 'Floor 1 - Aisle 5 - Shelf 4', 'system', NOW(), NULL, '2023-07-09'),
(7, 200000002, 60, 2, 'Floor 3 - Aisle 2 - Shelf 1', 'system', NOW(), NULL, '2023-11-25'),
(8, 200000003, 35, 1, 'Floor 4 - Aisle 4 - Shelf 2', 'system', NOW(), NULL, '2024-02-07'),
(8, 200000003, 45, 3, 'Floor 5 - Aisle 3 - Shelf 3', 'system', NOW(), NULL, '2024-06-14'),
(9, 200000004, 20, 2, 'Floor 1 - Aisle 1 - Shelf 5', 'system', NOW(), NULL, '2022-05-19'),
(9, 200000004, 55, 1, 'Floor 2 - Aisle 5 - Shelf 1', 'system', NOW(), NULL, '2022-09-30'),
(10, 200000005, 40, 3, 'Floor 3 - Aisle 4 - Shelf 4', 'system', NOW(), NULL, '2023-01-11'),
(10, 200000005, 30, 1, 'Floor 4 - Aisle 2 - Shelf 2', 'system', NOW(), NULL, '2023-05-26'),
(11, 200000006, 50, 2, 'Floor 5 - Aisle 1 - Shelf 3', 'system', NOW(), NULL, '2023-09-07'),
(11, 200000006, 25, 3, 'Floor 1 - Aisle 3 - Shelf 1', 'system', NOW(), NULL, '2023-12-22'),
(12, 200000007, 60, 1, 'Floor 2 - Aisle 4 - Shelf 5', 'system', NOW(), NULL, '2024-03-10'),
(12, 200000007, 35, 2, 'Floor 3 - Aisle 2 - Shelf 2', 'system', NOW(), NULL, '2024-07-18'),
(13, 200000008, 45, 3, 'Floor 4 - Aisle 5 - Shelf 4', 'system', NOW(), NULL, '2022-06-05'),
(13, 200000008, 20, 1, 'Floor 5 - Aisle 3 - Shelf 1', 'system', NOW(), NULL, '2022-10-13'),
(14, 200000009, 55, 2, 'Floor 1 - Aisle 1 - Shelf 2', 'system', NOW(), NULL, '2023-01-28'),
(14, 200000009, 40, 3, 'Floor 2 - Aisle 2 - Shelf 3', 'system', NOW(), NULL, '2023-05-16'),
(15, 200000010, 30, 1, 'Floor 3 - Aisle 3 - Shelf 5', 'system', NOW(), NULL, '2023-08-31'),
(15, 200000010, 50, 1, 'Floor 4 - Aisle 4 - Shelf 1', 'system', NOW(), NULL, '2023-11-14'),
(16, 200000011, 25, 2, 'Floor 5 - Aisle 5 - Shelf 2', 'system', NOW(), NULL, '2024-02-02'),
(16, 200000011, 60, 3, 'Floor 1 - Aisle 2 - Shelf 4', 'system', NOW(), NULL, '2024-06-21'),
(17, 200000012, 35, 1, 'Floor 2 - Aisle 1 - Shelf 1', 'system', NOW(), NULL, '2022-07-08'),
(17, 200000012, 45, 2, 'Floor 3 - Aisle 5 - Shelf 3', 'system', NOW(), NULL, '2022-11-25'),
(18, 200000013, 20, 3, 'Floor 4 - Aisle 3 - Shelf 5', 'system', NOW(), NULL, '2023-03-03'),
(18, 200000013, 55, 1, 'Floor 5 - Aisle 2 - Shelf 2', 'system', NOW(), NULL, '2023-07-12'),
(19, 200000014, 40, 2, 'Floor 1 - Aisle 4 - Shelf 1', 'system', NOW(), NULL, '2023-10-29'),
(19, 200000014, 30, 3, 'Floor 2 - Aisle 3 - Shelf 4', 'system', NOW(), NULL, '2024-01-06'),
(20, 200000015, 50, 1, 'Floor 3 - Aisle 1 - Shelf 2', 'system', NOW(), NULL, '2024-04-15'),
(20, 200000015, 25, 1, 'Floor 4 - Aisle 5 - Shelf 3', 'system', NOW(), NULL, '2024-08-23'),
(21, 200000016, 60, 2, 'Floor 5 - Aisle 4 - Shelf 5', 'system', NOW(), NULL, '2022-08-17'),
(21, 200000016, 35, 3, 'Floor 1 - Aisle 2 - Shelf 1', 'system', NOW(), NULL, '2022-12-09'),
(22, 200000017, 45, 1, 'Floor 2 - Aisle 1 - Shelf 3', 'system', NOW(), NULL, '2023-04-01'),
(22, 200000017, 20, 2, 'Floor 3 - Aisle 3 - Shelf 2', 'system', NOW(), NULL, '2023-08-14'),
(23, 200000018, 55, 3, 'Floor 4 - Aisle 4 - Shelf 4', 'system', NOW(), NULL, '2023-11-27'),
(23, 200000018, 40, 1, 'Floor 5 - Aisle 2 - Shelf 1', 'system', NOW(), NULL, '2024-03-22'),
(24, 200000019, 30, 2, 'Floor 1 - Aisle 5 - Shelf 3', 'system', NOW(), NULL, '2024-07-05'),
(24, 200000019, 50, 3, 'Floor 2 - Aisle 3 - Shelf 5', 'system', NOW(), NULL, '2022-09-18'),
(25, 200000020, 25, 1, 'Floor 3 - Aisle 1 - Shelf 4', 'system', NOW(), NULL, '2023-01-30'),
(25, 200000020, 60, 1, 'Floor 4 - Aisle 2 - Shelf 2', 'system', NOW(), NULL, '2023-06-13'),
(26, 200000021, 35, 2, 'Floor 5 - Aisle 4 - Shelf 1', 'system', NOW(), NULL, '2023-09-26'),
(26, 200000021, 45, 3, 'Floor 1 - Aisle 1 - Shelf 5', 'system', NOW(), NULL, '2024-01-08'),
(27, 200000022, 20, 1, 'Floor 2 - Aisle 5 - Shelf 2', 'system', NOW(), NULL, '2024-04-21'),
(27, 200000022, 55, 2, 'Floor 3 - Aisle 3 - Shelf 3', 'system', NOW(), NULL, '2024-08-03'),
(28, 200000023, 40, 3, 'Floor 4 - Aisle 2 - Shelf 4', 'system', NOW(), NULL, '2022-10-16'),
(28, 200000023, 30, 1, 'Floor 5 - Aisle 1 - Shelf 1', 'system', NOW(), NULL, '2023-02-28'),
(29, 200000024, 50, 2, 'Floor 1 - Aisle 4 - Shelf 2', 'system', NOW(), NULL, '2023-07-11'),
(29, 200000024, 25, 3, 'Floor 2 - Aisle 2 - Shelf 3', 'system', NOW(), NULL, '2023-10-24'),
(30, 200000025, 60, 1, 'Floor 3 - Aisle 5 - Shelf 5', 'system', NOW(), NULL, '2024-02-06'),
(30, 200000025, 35, 1, 'Floor 4 - Aisle 3 - Shelf 1', 'system', NOW(), NULL, '2024-05-20'),
(31, 200000001, 45, 2, 'Floor 5 - Aisle 2 - Shelf 4', 'system', NOW(), NULL, '2022-11-14'),
(31, 200000001, 20, 3, 'Floor 1 - Aisle 1 - Shelf 2', 'system', NOW(), NULL, '2023-03-29'),
(32, 200000002, 55, 1, 'Floor 2 - Aisle 4 - Shelf 3', 'system', NOW(), NULL, '2023-08-07'),
(32, 200000002, 40, 2, 'Floor 3 - Aisle 3 - Shelf 1', 'system', NOW(), NULL, '2023-12-16'),
(33, 200000003, 30, 3, 'Floor 4 - Aisle 5 - Shelf 2', 'system', NOW(), NULL, '2024-04-25'),
(33, 200000003, 50, 1, 'Floor 5 - Aisle 2 - Shelf 5', 'system', NOW(), NULL, '2024-09-03'),
(34, 200000004, 25, 2, 'Floor 1 - Aisle 4 - Shelf 4', 'system', NOW(), NULL, '2022-12-11'),
(34, 200000004, 60, 3, 'Floor 2 - Aisle 1 - Shelf 1', 'system', NOW(), NULL, '2023-04-20'),
(35, 200000005, 35, 1, 'Floor 3 - Aisle 2 - Shelf 3', 'system', NOW(), NULL, '2023-09-01'),
(35, 200000005, 45, 1, 'Floor 4 - Aisle 5 - Shelf 5', 'system', NOW(), NULL, '2024-01-10'),
(36, 200000006, 20, 2, 'Floor 5 - Aisle 3 - Shelf 2', 'system', NOW(), NULL, '2024-05-22'),
(36, 200000006, 55, 3, 'Floor 1 - Aisle 2 - Shelf 1', 'system', NOW(), NULL, '2024-10-04'),
(37, 200000007, 40, 1, 'Floor 2 - Aisle 4 - Shelf 4', 'system', NOW(), NULL, '2023-01-17'),
(37, 200000007, 30, 2, 'Floor 3 - Aisle 1 - Shelf 5', 'system', NOW(), NULL, '2023-06-28'),
(38, 200000008, 50, 3, 'Floor 4 - Aisle 3 - Shelf 3', 'system', NOW(), NULL, '2023-11-09'),
(38, 200000008, 25, 1, 'Floor 5 - Aisle 5 - Shelf 1', 'system', NOW(), NULL, '2024-03-19'),
(39, 200000009, 60, 2, 'Floor 1 - Aisle 1 - Shelf 4', 'system', NOW(), NULL, '2024-07-30'),
(39, 200000009, 35, 3, 'Floor 2 - Aisle 2 - Shelf 2', 'system', NOW(), NULL, '2022-10-21'),
(40, 200000010, 45, 1, 'Floor 3 - Aisle 4 - Shelf 1', 'system', NOW(), NULL, '2023-02-04'),
(40, 200000010, 20, 1, 'Floor 4 - Aisle 2 - Shelf 5', 'system', NOW(), NULL, '2023-07-16'),
(41, 200000011, 55, 2, 'Floor 5 - Aisle 1 - Shelf 3', 'system', NOW(), NULL, '2023-11-29'),
(41, 200000011, 40, 3, 'Floor 1 - Aisle 3 - Shelf 2', 'system', NOW(), NULL, '2024-04-09'),
(42, 200000012, 30, 1, 'Floor 2 - Aisle 5 - Shelf 4', 'system', NOW(), NULL, '2024-08-18'),
(42, 200000012, 50, 2, 'Floor 3 - Aisle 2 - Shelf 1', 'system', NOW(), NULL, '2022-11-27'),
(43, 200000013, 25, 3, 'Floor 4 - Aisle 4 - Shelf 3', 'system', NOW(), NULL, '2023-03-08'),
(43, 200000013, 60, 1, 'Floor 5 - Aisle 3 - Shelf 5', 'system', NOW(), NULL, '2023-08-20'),
(44, 200000014, 35, 2, 'Floor 1 - Aisle 5 - Shelf 1', 'system', NOW(), NULL, '2023-12-31'),
(44, 200000014, 45, 3, 'Floor 2 - Aisle 1 - Shelf 2', 'system', NOW(), NULL, '2024-05-12'),
(45, 200000015, 20, 1, 'Floor 3 - Aisle 3 - Shelf 4', 'system', NOW(), NULL, '2024-09-23'),
(45, 200000015, 55, 1, 'Floor 4 - Aisle 2 - Shelf 3', 'system', NOW(), NULL, '2023-01-05'),
(46, 200000016, 40, 2, 'Floor 5 - Aisle 4 - Shelf 2', 'system', NOW(), NULL, '2023-05-17'),
(46, 200000016, 30, 3, 'Floor 1 - Aisle 2 - Shelf 5', 'system', NOW(), NULL, '2023-09-28'),
(47, 200000017, 50, 1, 'Floor 2 - Aisle 3 - Shelf 1', 'system', NOW(), NULL, '2024-02-08'),
(47, 200000017, 25, 2, 'Floor 3 - Aisle 5 - Shelf 4', 'system', NOW(), NULL, '2024-06-19'),
(48, 200000018, 60, 3, 'Floor 4 - Aisle 1 - Shelf 2', 'system', NOW(), NULL, '2022-12-30'),
(48, 200000018, 35, 1, 'Floor 5 - Aisle 2 - Shelf 3', 'system', NOW(), NULL, '2023-04-11'),
(49, 200000019, 45, 2, 'Floor 1 - Aisle 4 - Shelf 5', 'system', NOW(), NULL, '2023-08-24'),
(49, 200000019, 20, 3, 'Floor 2 - Aisle 5 - Shelf 1', 'system', NOW(), NULL, '2024-01-03'),
(50, 200000020, 55, 1, 'Floor 3 - Aisle 1 - Shelf 3', 'system', NOW(), NULL, '2024-05-15'),
(50, 200000020, 40, 1, 'Floor 4 - Aisle 3 - Shelf 2', 'system', NOW(), NULL, '2024-09-26'),
(51, 200000021, 30, 2, 'Floor 5 - Aisle 2 - Shelf 4', 'system', NOW(), NULL, '2023-02-14'),
(51, 200000021, 50, 3, 'Floor 1 - Aisle 1 - Shelf 1', 'system', NOW(), NULL, '2023-06-29'),
(52, 200000022, 25, 1, 'Floor 2 - Aisle 4 - Shelf 5', 'system', NOW(), NULL, '2023-10-12'),
(52, 200000022, 60, 2, 'Floor 3 - Aisle 3 - Shelf 3', 'system', NOW(), NULL, '2024-02-25'),
(53, 200000023, 35, 3, 'Floor 4 - Aisle 5 - Shelf 2', 'system', NOW(), NULL, '2024-07-08'),
(53, 200000023, 45, 1, 'Floor 5 - Aisle 2 - Shelf 1', 'system', NOW(), NULL, '2022-11-19'),
(54, 200000024, 20, 2, 'Floor 1 - Aisle 3 - Shelf 4', 'system', NOW(), NULL, '2023-03-04'),
(54, 200000024, 55, 3, 'Floor 2 - Aisle 1 - Shelf 3', 'system', NOW(), NULL, '2023-07-17'),
(55, 200000025, 40, 1, 'Floor 3 - Aisle 4 - Shelf 5', 'system', NOW(), NULL, '2023-11-30'),
(55, 200000025, 30, 1, 'Floor 4 - Aisle 2 - Shelf 2', 'system', NOW(), NULL, '2024-04-13'),
(56, 200000026, 50, 2, 'Floor 5 - Aisle 5 - Shelf 3', 'system', NOW(), NULL, '2024-08-26'),
(56, 200000026, 25, 3, 'Floor 1 - Aisle 2 - Shelf 1', 'system', NOW(), NULL, '2023-01-09'),
(57, 200000027, 60, 1, 'Floor 2 - Aisle 3 - Shelf 4', 'system', NOW(), NULL, '2023-05-22'),
(57, 200000027, 35, 2, 'Floor 3 - Aisle 1 - Shelf 5', 'system', NOW(), NULL, '2023-10-05'),
(58, 200000028, 45, 3, 'Floor 4 - Aisle 4 - Shelf 1', 'system', NOW(), NULL, '2024-02-18'),
(58, 200000028, 20, 1, 'Floor 5 - Aisle 3 - Shelf 2', 'system', NOW(), NULL, '2024-07-02'),
(59, 200000029, 55, 2, 'Floor 1 - Aisle 5 - Shelf 3', 'system', NOW(), NULL, '2022-12-15'),
(59, 200000029, 40, 3, 'Floor 2 - Aisle 2 - Shelf 4', 'system', NOW(), NULL, '2023-04-28'),
(60, 200000030, 30, 1, 'Floor 3 - Aisle 3 - Shelf 1', 'system', NOW(), NULL, '2023-09-10'),
(60, 200000030, 50, 1, 'Floor 4 - Aisle 1 - Shelf 5', 'system', NOW(), NULL, '2024-01-23'),
(61, 200000001, 25, 2, 'Floor 5 - Aisle 4 - Shelf 2', 'system', NOW(), NULL, '2024-06-06'),
(61, 200000001, 60, 3, 'Floor 1 - Aisle 2 - Shelf 3', 'system', NOW(), NULL, '2022-10-29'),
(62, 200000002, 35, 1, 'Floor 2 - Aisle 5 - Shelf 1', 'system', NOW(), NULL, '2023-03-14'),
(62, 200000002, 45, 2, 'Floor 3 - Aisle 3 - Shelf 4', 'system', NOW(), NULL, '2023-07-27'),
(63, 200000003, 20, 3, 'Floor 4 - Aisle 1 - Shelf 2', 'system', NOW(), NULL, '2023-12-08'),
(63, 200000003, 55, 1, 'Floor 5 - Aisle 2 - Shelf 5', 'system', NOW(), NULL, '2024-04-21'),
(64, 200000004, 40, 2, 'Floor 1 - Aisle 4 - Shelf 1', 'system', NOW(), NULL, '2024-09-02'),
(64, 200000004, 30, 3, 'Floor 2 - Aisle 3 - Shelf 3', 'system', NOW(), NULL, '2023-01-16'),
(65, 200000005, 50, 1, 'Floor 3 - Aisle 5 - Shelf 2', 'system', NOW(), NULL, '2023-05-31'),
(65, 200000005, 25, 1, 'Floor 4 - Aisle 2 - Shelf 4', 'system', NOW(), NULL, '2023-10-13'),
(66, 200000006, 60, 2, 'Floor 5 - Aisle 1 - Shelf 1', 'system', NOW(), NULL, '2024-02-26'),
(66, 200000006, 35, 3, 'Floor 1 - Aisle 3 - Shelf 5', 'system', NOW(), NULL, '2024-07-10'),
(67, 200000007, 45, 1, 'Floor 2 - Aisle 4 - Shelf 2', 'system', NOW(), NULL, '2022-11-23'),
(67, 200000007, 20, 2, 'Floor 3 - Aisle 2 - Shelf 3', 'system', NOW(), NULL, '2023-04-06'),
(68, 200000008, 55, 3, 'Floor 4 - Aisle 5 - Shelf 4', 'system', NOW(), NULL, '2023-08-19'),
(68, 200000008, 40, 1, 'Floor 5 - Aisle 3 - Shelf 1', 'system', NOW(), NULL, '2024-01-01'),
(69, 200000009, 30, 2, 'Floor 1 - Aisle 1 - Shelf 2', 'system', NOW(), NULL, '2024-05-14'),
(69, 200000009, 50, 3, 'Floor 2 - Aisle 2 - Shelf 5', 'system', NOW(), NULL, '2024-09-27'),
(70, 200000010, 25, 1, 'Floor 3 - Aisle 4 - Shelf 3', 'system', NOW(), NULL, '2023-02-08'),
(70, 200000010, 60, 1, 'Floor 4 - Aisle 3 - Shelf 1', 'system', NOW(), NULL, '2023-06-21');

-- Update product total_quantity based on batch quantities
UPDATE product 
SET total_quantity = COALESCE((
    SELECT SUM(quantity) 
    FROM batch 
    WHERE batch.product_id = product.product_id
), 0);

-- Banks
INSERT INTO banks (bank_name) VALUES
('Palestine Islamic Bank'),
('Bank of Palestine'),
('Arab Bank');

-- Branches
INSERT INTO branches (bank_id, address) VALUES
(1, 'Ramallah Main Branch - Al-Manara Street'),
(1, 'Nablus Branch - Rafidia'),
(1, 'Gaza Branch - Rimal'),
(2, 'Ramallah Central Branch - Al-Bireh'),
(2, 'Hebron Branch - Old City'),
(2, 'Bethlehem Branch - Manger Square'),
(3, 'Ramallah Commercial Branch - City Center'),
(3, 'Jenin Branch - Downtown'),
(3, 'Tulkarm Branch - Industrial Area');

-- Customer checks (100 total: 60 Cashed, 40 Returned)
INSERT INTO customer_checks (customer_id, bank_id, bank_branch, check_image, exchange_rate, exchange_date, status, description, last_action_by, last_action_time, endorsed_to, endorsed_description) VALUES
-- Cashed checks (60)
(100000001, 1, 1, '', 150.00, '2022-01-15', 'Cashed', 'Payment for toilet order', 'system', NOW(), NULL, NULL),
(100000002, 1, 2, '', 220.00, '2022-02-20', 'Cashed', 'Bathroom fixtures payment', 'system', NOW(), NULL, NULL),
(100000003, 2, 4, '', 190.00, '2022-03-10', 'Cashed', 'Sink and faucet purchase', 'system', NOW(), NULL, NULL),
(100000004, 2, 5, '', 230.00, '2022-04-05', 'Cashed', 'Shower system payment', 'system', NOW(), NULL, NULL),
(100000005, 3, 7, '', 400.00, '2022-05-12', 'Cashed', 'Bathtub delivery payment', 'system', NOW(), NULL, NULL),
(100000006, 3, 8, '', 30.00, '2022-06-18', 'Cashed', 'Accessories order payment', 'system', NOW(), NULL, NULL),
(100000007, 1, 3, '', 240.00, '2022-07-25', 'Cashed', 'Complete bathroom set', 'system', NOW(), NULL, NULL),
(100000008, 2, 6, '', 125.00, '2022-08-30', 'Cashed', 'Renovation materials', 'system', NOW(), NULL, NULL),
(100000009, 3, 9, '', 45.00, '2022-09-14', 'Cashed', 'Plumbing supplies', 'system', NOW(), NULL, NULL),
(100000010, 1, 1, '', 200.00, '2022-10-08', 'Cashed', 'Monthly payment', 'system', NOW(), NULL, NULL),
(100000011, 1, 2, '', 350.00, '2022-11-22', 'Cashed', 'Construction project', 'system', NOW(), NULL, NULL),
(100000012, 2, 4, '', 85.00, '2022-12-15', 'Cashed', 'Building supplies', 'system', NOW(), NULL, NULL),
(100000013, 2, 5, '', 175.00, '2023-01-10', 'Cashed', 'Home improvement', 'system', NOW(), NULL, NULL),
(100000014, 3, 7, '', 240.00, '2023-02-28', 'Cashed', 'Bathroom renovation', 'system', NOW(), NULL, NULL),
(100000015, 3, 8, '', 155.00, '2023-03-15', 'Cashed', 'Plumbing work', 'system', NOW(), NULL, NULL),
(100000016, 1, 3, '', 95.00, '2023-04-20', 'Cashed', 'Fixture installation', 'system', NOW(), NULL, NULL),
(100000017, 2, 6, '', 200.00, '2023-05-25', 'Cashed', 'Complete setup', 'system', NOW(), NULL, NULL),
(100000018, 3, 9, '', 260.00, '2023-06-10', 'Cashed', 'Bathroom project', 'system', NOW(), NULL, NULL),
(100000019, 1, 1, '', 205.00, '2023-07-05', 'Cashed', 'Renovation payment', 'system', NOW(), NULL, NULL),
(100000020, 1, 2, '', 160.00, '2023-08-18', 'Cashed', 'Materials purchase', 'system', NOW(), NULL, NULL),
(100000021, 2, 4, '', 350.00, '2023-09-22', 'Cashed', 'Construction supplies', 'system', NOW(), NULL, NULL),
(100000022, 2, 5, '', 175.00, '2023-10-15', 'Cashed', 'Home renovation', 'system', NOW(), NULL, NULL),
(100000023, 3, 7, '', 240.00, '2023-11-08', 'Cashed', 'Bathroom fixtures', 'system', NOW(), NULL, NULL),
(100000024, 3, 8, '', 185.00, '2023-12-20', 'Cashed', 'Plumbing materials', 'system', NOW(), NULL, NULL),
(100000025, 1, 3, '', 400.00, '2024-01-25', 'Cashed', 'Complete bathroom', 'system', NOW(), NULL, NULL),
(100000026, 2, 6, '', 125.00, '2024-02-10', 'Cashed', 'Renovation project', 'system', NOW(), NULL, NULL),
(100000027, 3, 9, '', 85.00, '2024-03-05', 'Cashed', 'Building supplies', 'system', NOW(), NULL, NULL),
(100000028, 1, 1, '', 110.00, '2024-04-18', 'Cashed', 'Fixture purchase', 'system', NOW(), NULL, NULL),
(100000029, 1, 2, '', 225.00, '2024-05-22', 'Cashed', 'Bathroom set', 'system', NOW(), NULL, NULL),
(100000030, 2, 4, '', 195.00, '2024-06-15', 'Cashed', 'Plumbing work', 'system', NOW(), NULL, NULL),
(100000031, 2, 5, '', 175.00, '2024-07-08', 'Cashed', 'Home improvement', 'system', NOW(), NULL, NULL),
(100000032, 3, 7, '', 240.00, '2024-08-20', 'Cashed', 'Renovation materials', 'system', NOW(), NULL, NULL),
(100000033, 3, 8, '', 230.00, '2024-09-12', 'Cashed', 'Construction project', 'system', NOW(), NULL, NULL),
(100000034, 1, 3, '', 195.00, '2024-10-25', 'Cashed', 'Bathroom fixtures', 'system', NOW(), NULL, NULL),
(100000035, 2, 6, '', 125.00, '2024-11-18', 'Cashed', 'Plumbing supplies', 'system', NOW(), NULL, NULL),
(100000036, 3, 9, '', 200.00, '2024-12-10', 'Cashed', 'Complete setup', 'system', NOW(), NULL, NULL),
(100000037, 1, 1, '', 205.00, '2025-01-05', 'Cashed', 'Renovation payment', 'system', NOW(), NULL, NULL),
(100000038, 1, 2, '', 160.00, '2025-02-18', 'Cashed', 'Materials purchase', 'system', NOW(), NULL, NULL),
(100000039, 2, 4, '', 350.00, '2025-03-22', 'Cashed', 'Construction supplies', 'system', NOW(), NULL, NULL),
(100000040, 2, 5, '', 175.00, '2025-04-15', 'Cashed', 'Home renovation', 'system', NOW(), NULL, NULL),
(100000041, 3, 7, '', 240.00, '2025-05-08', 'Cashed', 'Bathroom fixtures', 'system', NOW(), NULL, NULL),
(100000042, 3, 8, '', 185.00, '2025-06-20', 'Cashed', 'Plumbing materials', 'system', NOW(), NULL, NULL),
(100000043, 1, 3, '', 400.00, '2025-07-12', 'Cashed', 'Complete bathroom', 'system', NOW(), NULL, NULL),
(100000044, 2, 6, '', 125.00, '2025-08-25', 'Cashed', 'Renovation project', 'system', NOW(), NULL, NULL),
(100000045, 3, 9, '', 85.00, '2025-09-17', 'Cashed', 'Building supplies', 'system', NOW(), NULL, NULL),
(100000046, 1, 1, '', 110.00, '2025-10-10', 'Cashed', 'Fixture purchase', 'system', NOW(), NULL, NULL),
(100000047, 1, 2, '', 225.00, '2025-11-02', 'Cashed', 'Bathroom set', 'system', NOW(), NULL, NULL),
(100000048, 2, 4, '', 195.00, '2025-11-25', 'Cashed', 'Plumbing work', 'system', NOW(), NULL, NULL),
(100000049, 2, 5, '', 175.00, '2025-12-08', 'Cashed', 'Home improvement', 'system', NOW(), NULL, NULL),
(100000050, 3, 7, '', 240.00, '2025-12-20', 'Cashed', 'Renovation materials', 'system', NOW(), NULL, NULL),
(100000051, 3, 8, '', 230.00, '2025-12-22', 'Cashed', 'Construction project', 'system', NOW(), NULL, NULL),
(100000052, 1, 3, '', 195.00, '2025-12-24', 'Cashed', 'Bathroom fixtures', 'system', NOW(), NULL, NULL),
(100000053, 2, 6, '', 125.00, '2025-12-25', 'Cashed', 'Plumbing supplies', 'system', NOW(), NULL, NULL),
(100000054, 3, 9, '', 200.00, '2025-12-26', 'Cashed', 'Complete setup', 'system', NOW(), NULL, NULL),
(100000055, 1, 1, '', 205.00, '2025-12-27', 'Cashed', 'Final payment', 'system', NOW(), NULL, NULL),
(100000056, 1, 2, '', 160.00, '2025-12-27', 'Cashed', 'Monthly payment', 'system', NOW(), NULL, NULL),
(100000057, 2, 4, '', 350.00, '2025-12-27', 'Cashed', 'Project completion', 'system', NOW(), NULL, NULL),
(100000058, 2, 5, '', 175.00, '2025-12-27', 'Cashed', 'Materials payment', 'system', NOW(), NULL, NULL),
(100000059, 3, 7, '', 240.00, '2025-12-27', 'Cashed', 'Installation payment', 'system', NOW(), NULL, NULL),
(100000060, 3, 8, '', 185.00, '2025-12-27', 'Cashed', 'Service payment', 'system', NOW(), NULL, NULL),
-- Returned checks (40)
(100000061, 1, 3, '', 180.00, '2022-02-10', 'Returned', 'Insufficient funds', 'system', NOW(), NULL, NULL),
(100000062, 2, 6, '', 275.00, '2022-03-25', 'Returned', 'Account closed', 'system', NOW(), NULL, NULL),
(100000063, 3, 9, '', 145.00, '2022-05-18', 'Returned', 'Signature mismatch', 'system', NOW(), NULL, NULL),
(100000064, 1, 1, '', 320.00, '2022-07-12', 'Returned', 'Post dated', 'system', NOW(), NULL, NULL),
(100000065, 1, 2, '', 95.00, '2022-09-08', 'Returned', 'Insufficient funds', 'system', NOW(), NULL, NULL),
(100000066, 2, 4, '', 210.00, '2022-11-15', 'Returned', 'Account frozen', 'system', NOW(), NULL, NULL),
(100000067, 2, 5, '', 165.00, '2023-01-22', 'Returned', 'Signature issue', 'system', NOW(), NULL, NULL),
(100000068, 3, 7, '', 290.00, '2023-03-30', 'Returned', 'Post dated', 'system', NOW(), NULL, NULL),
(100000069, 3, 8, '', 135.00, '2023-06-14', 'Returned', 'Insufficient funds', 'system', NOW(), NULL, NULL),
(100000070, 1, 3, '', 380.00, '2023-08-28', 'Returned', 'Account closed', 'system', NOW(), NULL, NULL),
(100000071, 2, 6, '', 115.00, '2023-11-05', 'Returned', 'Signature mismatch', 'system', NOW(), NULL, NULL),
(100000072, 3, 9, '', 250.00, '2024-01-18', 'Returned', 'Post dated', 'system', NOW(), NULL, NULL),
(100000073, 1, 1, '', 195.00, '2024-04-02', 'Returned', 'Insufficient funds', 'system', NOW(), NULL, NULL),
(100000074, 1, 2, '', 175.00, '2024-06-20', 'Returned', 'Account frozen', 'system', NOW(), NULL, NULL),
(100000075, 2, 4, '', 420.00, '2024-09-08', 'Returned', 'Signature issue', 'system', NOW(), NULL, NULL),
(100000076, 2, 5, '', 85.00, '2024-11-25', 'Returned', 'Post dated', 'system', NOW(), NULL, NULL),
(100000077, 3, 7, '', 305.00, '2025-02-12', 'Returned', 'Insufficient funds', 'system', NOW(), NULL, NULL),
(100000078, 3, 8, '', 225.00, '2025-05-01', 'Returned', 'Account closed', 'system', NOW(), NULL, NULL),
(100000079, 1, 3, '', 160.00, '2025-07-18', 'Returned', 'Signature mismatch', 'system', NOW(), NULL, NULL),
(100000080, 2, 6, '', 280.00, '2025-09-25', 'Returned', 'Post dated', 'system', NOW(), NULL, NULL),
(100000061, 3, 9, '', 190.00, '2025-10-15', 'Returned', 'Insufficient funds', 'system', NOW(), NULL, NULL),
(100000062, 1, 1, '', 245.00, '2025-11-08', 'Returned', 'Account frozen', 'system', NOW(), NULL, NULL),
(100000063, 1, 2, '', 120.00, '2025-11-22', 'Returned', 'Signature issue', 'system', NOW(), NULL, NULL),
(100000064, 2, 4, '', 355.00, '2025-12-01', 'Returned', 'Post dated', 'system', NOW(), NULL, NULL),
(100000065, 2, 5, '', 75.00, '2025-12-05', 'Returned', 'Insufficient funds', 'system', NOW(), NULL, NULL),
(100000066, 3, 7, '', 265.00, '2025-12-08', 'Returned', 'Account closed', 'system', NOW(), NULL, NULL),
(100000067, 3, 8, '', 140.00, '2025-12-12', 'Returned', 'Signature mismatch', 'system', NOW(), NULL, NULL),
(100000068, 1, 3, '', 395.00, '2025-12-15', 'Returned', 'Post dated', 'system', NOW(), NULL, NULL),
(100000069, 2, 6, '', 185.00, '2025-12-18', 'Returned', 'Insufficient funds', 'system', NOW(), NULL, NULL),
(100000070, 3, 9, '', 220.00, '2025-12-20', 'Returned', 'Account frozen', 'system', NOW(), NULL, NULL),
(100000071, 1, 1, '', 155.00, '2025-12-22', 'Returned', 'Signature issue', 'system', NOW(), NULL, NULL),
(100000072, 1, 2, '', 330.00, '2025-12-23', 'Returned', 'Post dated', 'system', NOW(), NULL, NULL),
(100000073, 2, 4, '', 105.00, '2025-12-24', 'Returned', 'Insufficient funds', 'system', NOW(), NULL, NULL),
(100000074, 2, 5, '', 275.00, '2025-12-25', 'Returned', 'Account closed', 'system', NOW(), NULL, NULL),
(100000075, 3, 7, '', 195.00, '2025-12-26', 'Returned', 'Signature mismatch', 'system', NOW(), NULL, NULL),
(100000076, 3, 8, '', 240.00, '2025-12-26', 'Returned', 'Post dated', 'system', NOW(), NULL, NULL),
(100000077, 1, 3, '', 170.00, '2025-12-27', 'Returned', 'Insufficient funds', 'system', NOW(), NULL, NULL),
(100000078, 2, 6, '', 310.00, '2025-12-27', 'Returned', 'Account frozen', 'system', NOW(), NULL, NULL),
(100000079, 3, 9, '', 125.00, '2025-12-27', 'Returned', 'Signature issue', 'system', NOW(), NULL, NULL),
(100000080, 1, 1, '', 285.00, '2025-12-27', 'Returned', 'Post dated', 'system', NOW(), NULL, NULL);

-- Supplier checks (100 total: 60 Cashed, 40 Returned)
INSERT INTO supplier_checks (supplier_id, bank_id, bank_branch, check_image, exchange_rate, exchange_date, status, description, last_action_by, last_action_time) VALUES
-- Cashed checks (60)
(200000001, 1, 1, '', 150.00, '2022-01-15', 'Cashed', 'Supplier payment for materials', 'system', NOW()),
(200000002, 1, 2, '', 220.00, '2022-02-20', 'Cashed', 'Bathroom fixtures payment', 'system', NOW()),
(200000003, 2, 4, '', 190.00, '2022-03-10', 'Cashed', 'Sink and faucet purchase', 'system', NOW()),
(200000004, 2, 5, '', 230.00, '2022-04-05', 'Cashed', 'Shower system payment', 'system', NOW()),
(200000005, 3, 7, '', 400.00, '2022-05-12', 'Cashed', 'Bathtub delivery payment', 'system', NOW()),
(200000006, 3, 8, '', 30.00, '2022-06-18', 'Cashed', 'Accessories order payment', 'system', NOW()),
(200000007, 1, 3, '', 240.00, '2022-07-25', 'Cashed', 'Complete bathroom set', 'system', NOW()),
(200000008, 2, 6, '', 125.00, '2022-08-30', 'Cashed', 'Renovation materials', 'system', NOW()),
(200000009, 3, 9, '', 45.00, '2022-09-14', 'Cashed', 'Plumbing supplies', 'system', NOW()),
(200000010, 1, 1, '', 200.00, '2022-10-08', 'Cashed', 'Monthly payment', 'system', NOW()),
(200000011, 1, 2, '', 350.00, '2022-11-22', 'Cashed', 'Construction project', 'system', NOW()),
(200000012, 2, 4, '', 85.00, '2022-12-15', 'Cashed', 'Building supplies', 'system', NOW()),
(200000013, 2, 5, '', 175.00, '2023-01-10', 'Cashed', 'Home improvement', 'system', NOW()),
(200000014, 3, 7, '', 240.00, '2023-02-28', 'Cashed', 'Bathroom renovation', 'system', NOW()),
(200000015, 3, 8, '', 155.00, '2023-03-15', 'Cashed', 'Plumbing work', 'system', NOW()),
(200000016, 1, 3, '', 95.00, '2023-04-20', 'Cashed', 'Fixture installation', 'system', NOW()),
(200000017, 2, 6, '', 200.00, '2023-05-25', 'Cashed', 'Complete setup', 'system', NOW()),
(200000018, 3, 9, '', 260.00, '2023-06-10', 'Cashed', 'Bathroom project', 'system', NOW()),
(200000019, 1, 1, '', 205.00, '2023-07-05', 'Cashed', 'Renovation payment', 'system', NOW()),
(200000020, 1, 2, '', 160.00, '2023-08-18', 'Cashed', 'Materials purchase', 'system', NOW()),
(200000021, 2, 4, '', 350.00, '2023-09-22', 'Cashed', 'Construction supplies', 'system', NOW()),
(200000022, 2, 5, '', 175.00, '2023-10-15', 'Cashed', 'Home renovation', 'system', NOW()),
(200000023, 3, 7, '', 240.00, '2023-11-08', 'Cashed', 'Bathroom fixtures', 'system', NOW()),
(200000024, 3, 8, '', 185.00, '2023-12-20', 'Cashed', 'Plumbing materials', 'system', NOW()),
(200000025, 1, 3, '', 400.00, '2024-01-25', 'Cashed', 'Complete bathroom', 'system', NOW()),
(200000026, 2, 6, '', 125.00, '2024-02-10', 'Cashed', 'Renovation project', 'system', NOW()),
(200000027, 3, 9, '', 85.00, '2024-03-05', 'Cashed', 'Building supplies', 'system', NOW()),
(200000028, 1, 1, '', 110.00, '2024-04-18', 'Cashed', 'Fixture purchase', 'system', NOW()),
(200000029, 1, 2, '', 225.00, '2024-05-22', 'Cashed', 'Bathroom set', 'system', NOW()),
(200000030, 2, 4, '', 195.00, '2024-06-15', 'Cashed', 'Plumbing work', 'system', NOW()),
(200000001, 2, 5, '', 175.00, '2024-07-08', 'Cashed', 'Home improvement', 'system', NOW()),
(200000002, 3, 7, '', 240.00, '2024-08-20', 'Cashed', 'Renovation materials', 'system', NOW()),
(200000003, 3, 8, '', 230.00, '2024-09-12', 'Cashed', 'Construction project', 'system', NOW()),
(200000004, 1, 3, '', 195.00, '2024-10-25', 'Cashed', 'Bathroom fixtures', 'system', NOW()),
(200000005, 2, 6, '', 125.00, '2024-11-18', 'Cashed', 'Plumbing supplies', 'system', NOW()),
(200000006, 3, 9, '', 200.00, '2024-12-10', 'Cashed', 'Complete setup', 'system', NOW()),
(200000007, 1, 1, '', 205.00, '2025-01-05', 'Cashed', 'Renovation payment', 'system', NOW()),
(200000008, 1, 2, '', 160.00, '2025-02-18', 'Cashed', 'Materials purchase', 'system', NOW()),
(200000009, 2, 4, '', 350.00, '2025-03-22', 'Cashed', 'Construction supplies', 'system', NOW()),
(200000010, 2, 5, '', 175.00, '2025-04-15', 'Cashed', 'Home renovation', 'system', NOW()),
(200000011, 3, 7, '', 240.00, '2025-05-08', 'Cashed', 'Bathroom fixtures', 'system', NOW()),
(200000012, 3, 8, '', 185.00, '2025-06-20', 'Cashed', 'Plumbing materials', 'system', NOW()),
(200000013, 1, 3, '', 400.00, '2025-07-12', 'Cashed', 'Complete bathroom', 'system', NOW()),
(200000014, 2, 6, '', 125.00, '2025-08-25', 'Cashed', 'Renovation project', 'system', NOW()),
(200000015, 3, 9, '', 85.00, '2025-09-17', 'Cashed', 'Building supplies', 'system', NOW()),
(200000016, 1, 1, '', 110.00, '2025-10-10', 'Cashed', 'Fixture purchase', 'system', NOW()),
(200000017, 1, 2, '', 225.00, '2025-11-02', 'Cashed', 'Bathroom set', 'system', NOW()),
(200000018, 2, 4, '', 195.00, '2025-11-25', 'Cashed', 'Plumbing work', 'system', NOW()),
(200000019, 2, 5, '', 175.00, '2025-12-08', 'Cashed', 'Home improvement', 'system', NOW()),
(200000020, 3, 7, '', 240.00, '2025-12-20', 'Cashed', 'Renovation materials', 'system', NOW()),
(200000021, 3, 8, '', 230.00, '2025-12-22', 'Cashed', 'Construction project', 'system', NOW()),
(200000022, 1, 3, '', 195.00, '2025-12-24', 'Cashed', 'Bathroom fixtures', 'system', NOW()),
(200000023, 2, 6, '', 125.00, '2025-12-25', 'Cashed', 'Plumbing supplies', 'system', NOW()),
(200000024, 3, 9, '', 200.00, '2025-12-26', 'Cashed', 'Complete setup', 'system', NOW()),
(200000025, 1, 1, '', 205.00, '2025-12-27', 'Cashed', 'Final payment', 'system', NOW()),
(200000026, 1, 2, '', 160.00, '2025-12-27', 'Cashed', 'Monthly payment', 'system', NOW()),
(200000027, 2, 4, '', 350.00, '2025-12-27', 'Cashed', 'Project completion', 'system', NOW()),
(200000028, 2, 5, '', 175.00, '2025-12-27', 'Cashed', 'Materials payment', 'system', NOW()),
(200000029, 3, 7, '', 240.00, '2025-12-27', 'Cashed', 'Installation payment', 'system', NOW()),
(200000030, 3, 8, '', 185.00, '2025-12-27', 'Cashed', 'Service payment', 'system', NOW()),
-- Returned checks (40)
(200000001, 1, 3, '', 180.00, '2022-02-10', 'Returned', 'Insufficient funds', 'system', NOW()),
(200000002, 2, 6, '', 275.00, '2022-03-25', 'Returned', 'Account closed', 'system', NOW()),
(200000003, 3, 9, '', 145.00, '2022-05-18', 'Returned', 'Signature mismatch', 'system', NOW()),
(200000004, 1, 1, '', 320.00, '2022-07-12', 'Returned', 'Post dated', 'system', NOW()),
(200000005, 1, 2, '', 95.00, '2022-09-08', 'Returned', 'Insufficient funds', 'system', NOW()),
(200000006, 2, 4, '', 210.00, '2022-11-15', 'Returned', 'Account frozen', 'system', NOW()),
(200000007, 2, 5, '', 165.00, '2023-01-22', 'Returned', 'Signature issue', 'system', NOW()),
(200000008, 3, 7, '', 290.00, '2023-03-30', 'Returned', 'Post dated', 'system', NOW()),
(200000009, 3, 8, '', 135.00, '2023-06-14', 'Returned', 'Insufficient funds', 'system', NOW()),
(200000010, 1, 3, '', 380.00, '2023-08-28', 'Returned', 'Account closed', 'system', NOW()),
(200000011, 2, 6, '', 115.00, '2023-11-05', 'Returned', 'Signature mismatch', 'system', NOW()),
(200000012, 3, 9, '', 250.00, '2024-01-18', 'Returned', 'Post dated', 'system', NOW()),
(200000013, 1, 1, '', 195.00, '2024-04-02', 'Returned', 'Insufficient funds', 'system', NOW()),
(200000014, 1, 2, '', 175.00, '2024-06-20', 'Returned', 'Account frozen', 'system', NOW()),
(200000015, 2, 4, '', 420.00, '2024-09-08', 'Returned', 'Signature issue', 'system', NOW()),
(200000016, 2, 5, '', 85.00, '2024-11-25', 'Returned', 'Post dated', 'system', NOW()),
(200000017, 3, 7, '', 305.00, '2025-02-12', 'Returned', 'Insufficient funds', 'system', NOW()),
(200000018, 3, 8, '', 225.00, '2025-05-01', 'Returned', 'Account closed', 'system', NOW()),
(200000019, 1, 3, '', 160.00, '2025-07-18', 'Returned', 'Signature mismatch', 'system', NOW()),
(200000020, 2, 6, '', 280.00, '2025-09-25', 'Returned', 'Post dated', 'system', NOW()),
(200000021, 3, 9, '', 190.00, '2025-10-15', 'Returned', 'Insufficient funds', 'system', NOW()),
(200000022, 1, 1, '', 245.00, '2025-11-08', 'Returned', 'Account frozen', 'system', NOW()),
(200000023, 1, 2, '', 120.00, '2025-11-22', 'Returned', 'Signature issue', 'system', NOW()),
(200000024, 2, 4, '', 355.00, '2025-12-01', 'Returned', 'Post dated', 'system', NOW()),
(200000025, 2, 5, '', 75.00, '2025-12-05', 'Returned', 'Insufficient funds', 'system', NOW()),
(200000026, 3, 7, '', 265.00, '2025-12-08', 'Returned', 'Account closed', 'system', NOW()),
(200000027, 3, 8, '', 140.00, '2025-12-12', 'Returned', 'Signature mismatch', 'system', NOW()),
(200000028, 1, 3, '', 395.00, '2025-12-15', 'Returned', 'Post dated', 'system', NOW()),
(200000029, 2, 6, '', 185.00, '2025-12-18', 'Returned', 'Insufficient funds', 'system', NOW()),
(200000030, 3, 9, '', 220.00, '2025-12-20', 'Returned', 'Account frozen', 'system', NOW()),
(200000001, 1, 1, '', 155.00, '2025-12-22', 'Returned', 'Signature issue', 'system', NOW()),
(200000002, 1, 2, '', 330.00, '2025-12-23', 'Returned', 'Post dated', 'system', NOW()),
(200000003, 2, 4, '', 105.00, '2025-12-24', 'Returned', 'Insufficient funds', 'system', NOW()),
(200000004, 2, 5, '', 275.00, '2025-12-25', 'Returned', 'Account closed', 'system', NOW()),
(200000005, 3, 7, '', 195.00, '2025-12-26', 'Returned', 'Signature mismatch', 'system', NOW()),
(200000006, 3, 8, '', 240.00, '2025-12-26', 'Returned', 'Post dated', 'system', NOW()),
(200000007, 1, 3, '', 170.00, '2025-12-27', 'Returned', 'Insufficient funds', 'system', NOW()),
(200000008, 2, 6, '', 310.00, '2025-12-27', 'Returned', 'Account frozen', 'system', NOW()),
(200000009, 3, 9, '', 125.00, '2025-12-27', 'Returned', 'Signature issue', 'system', NOW()),
(200000010, 1, 1, '', 1500.00, '2025-12-27', 'Returned', 'Post dated', 'system', NOW());

-- Incoming payments (300 total: 200 cash, 100 check)
INSERT INTO incoming_payment (customer_id, amount, date_time, description, last_action_by, last_action_time, payment_method, check_id) VALUES
-- Cash payments (200)
(100000001, 150.00, '2022-01-15 10:30:00', 'Payment for toilet order', 'system', NOW(), 'cash', NULL),
(100000002, 220.00, '2022-01-20 14:15:00', 'Bathroom fixtures payment', 'system', NOW(), 'cash', NULL),
(100000003, 190.00, '2022-01-25 09:45:00', 'Sink and faucet purchase', 'system', NOW(), 'cash', NULL),
(100000004, 230.00, '2022-02-01 11:20:00', 'Shower system payment', 'system', NOW(), 'cash', NULL),
(100000005, 400.00, '2022-02-05 16:30:00', 'Bathtub delivery payment', 'system', NOW(), 'cash', NULL),
(100000006, 30.00, '2022-02-10 13:45:00', 'Accessories order payment', 'system', NOW(), 'cash', NULL),
(100000007, 240.00, '2022-02-15 10:15:00', 'Complete bathroom set', 'system', NOW(), 'cash', NULL),
(100000008, 125.00, '2022-02-20 15:30:00', 'Renovation materials', 'system', NOW(), 'cash', NULL),
(100000009, 45.00, '2022-02-25 12:00:00', 'Plumbing supplies', 'system', NOW(), 'cash', NULL),
(100000010, 200.00, '2022-03-01 14:20:00', 'Monthly payment', 'system', NOW(), 'cash', NULL),
(100000011, 350.00, '2022-03-05 11:45:00', 'Construction project', 'system', NOW(), 'cash', NULL),
(100000012, 85.00, '2022-03-10 16:15:00', 'Building supplies', 'system', NOW(), 'cash', NULL),
(100000013, 175.00, '2022-03-15 09:30:00', 'Home improvement', 'system', NOW(), 'cash', NULL),
(100000014, 240.00, '2022-03-20 13:45:00', 'Bathroom renovation', 'system', NOW(), 'cash', NULL),
(100000015, 155.00, '2022-03-25 10:20:00', 'Plumbing work', 'system', NOW(), 'cash', NULL),
(100000016, 95.00, '2022-03-30 15:10:00', 'Fixture installation', 'system', NOW(), 'cash', NULL),
(100000017, 200.00, '2022-04-05 11:30:00', 'Complete setup', 'system', NOW(), 'cash', NULL),
(100000018, 260.00, '2022-04-10 14:45:00', 'Bathroom project', 'system', NOW(), 'cash', NULL),
(100000019, 205.00, '2022-04-15 09:15:00', 'Renovation payment', 'system', NOW(), 'cash', NULL),
(100000020, 160.00, '2022-04-20 16:30:00', 'Materials purchase', 'system', NOW(), 'cash', NULL),
(100000021, 350.00, '2022-04-25 12:45:00', 'Construction supplies', 'system', NOW(), 'cash', NULL),
(100000022, 175.00, '2022-05-01 10:20:00', 'Home renovation', 'system', NOW(), 'cash', NULL),
(100000023, 240.00, '2022-05-05 15:35:00', 'Bathroom fixtures', 'system', NOW(), 'cash', NULL),
(100000024, 185.00, '2022-05-10 11:50:00', 'Plumbing materials', 'system', NOW(), 'cash', NULL),
(100000025, 400.00, '2022-05-15 14:10:00', 'Complete bathroom', 'system', NOW(), 'cash', NULL),
(100000026, 125.00, '2022-05-20 09:25:00', 'Renovation project', 'system', NOW(), 'cash', NULL),
(100000027, 85.00, '2022-05-25 16:40:00', 'Building supplies', 'system', NOW(), 'cash', NULL),
(100000028, 110.00, '2022-06-01 13:15:00', 'Fixture purchase', 'system', NOW(), 'cash', NULL),
(100000029, 225.00, '2022-06-05 10:30:00', 'Bathroom set', 'system', NOW(), 'cash', NULL),
(100000030, 195.00, '2022-06-10 15:45:00', 'Plumbing work', 'system', NOW(), 'cash', NULL),
(100000031, 175.00, '2022-06-15 12:20:00', 'Home improvement', 'system', NOW(), 'cash', NULL),
(100000032, 240.00, '2022-06-20 09:35:00', 'Renovation materials', 'system', NOW(), 'cash', NULL),
(100000033, 230.00, '2022-06-25 14:50:00', 'Construction project', 'system', NOW(), 'cash', NULL),
(100000034, 195.00, '2022-07-01 11:05:00', 'Bathroom fixtures', 'system', NOW(), 'cash', NULL),
(100000035, 125.00, '2022-07-05 16:20:00', 'Plumbing supplies', 'system', NOW(), 'cash', NULL),
(100000036, 200.00, '2022-07-10 13:40:00', 'Complete setup', 'system', NOW(), 'cash', NULL),
(100000037, 205.00, '2022-07-15 10:55:00', 'Renovation payment', 'system', NOW(), 'cash', NULL),
(100000038, 160.00, '2022-07-20 15:10:00', 'Materials purchase', 'system', NOW(), 'cash', NULL),
(100000039, 350.00, '2022-07-25 12:25:00', 'Construction supplies', 'system', NOW(), 'cash', NULL),
(100000040, 175.00, '2022-08-01 09:40:00', 'Home renovation', 'system', NOW(), 'cash', NULL),
(100000041, 240.00, '2022-08-05 14:55:00', 'Bathroom fixtures', 'system', NOW(), 'cash', NULL),
(100000042, 185.00, '2022-08-10 11:10:00', 'Plumbing materials', 'system', NOW(), 'cash', NULL),
(100000043, 400.00, '2022-08-15 16:25:00', 'Complete bathroom', 'system', NOW(), 'cash', NULL),
(100000044, 125.00, '2022-08-20 13:40:00', 'Renovation project', 'system', NOW(), 'cash', NULL),
(100000045, 85.00, '2022-08-25 10:55:00', 'Building supplies', 'system', NOW(), 'cash', NULL),
(100000046, 110.00, '2022-09-01 15:10:00', 'Fixture purchase', 'system', NOW(), 'cash', NULL),
(100000047, 225.00, '2022-09-05 12:25:00', 'Bathroom set', 'system', NOW(), 'cash', NULL),
(100000048, 195.00, '2022-09-10 09:40:00', 'Plumbing work', 'system', NOW(), 'cash', NULL),
(100000049, 175.00, '2022-09-15 14:55:00', 'Home improvement', 'system', NOW(), 'cash', NULL),
(100000050, 240.00, '2022-09-20 11:10:00', 'Renovation materials', 'system', NOW(), 'cash', NULL),
(100000051, 230.00, '2022-09-25 16:25:00', 'Construction project', 'system', NOW(), 'cash', NULL),
(100000052, 195.00, '2022-10-01 13:40:00', 'Bathroom fixtures', 'system', NOW(), 'cash', NULL),
(100000053, 125.00, '2022-10-05 10:55:00', 'Plumbing supplies', 'system', NOW(), 'cash', NULL),
(100000054, 200.00, '2022-10-10 15:10:00', 'Complete setup', 'system', NOW(), 'cash', NULL),
(100000055, 205.00, '2022-10-15 12:25:00', 'Renovation payment', 'system', NOW(), 'cash', NULL),
(100000056, 160.00, '2022-10-20 09:40:00', 'Materials purchase', 'system', NOW(), 'cash', NULL),
(100000057, 350.00, '2022-10-25 14:55:00', 'Construction supplies', 'system', NOW(), 'cash', NULL),
(100000058, 175.00, '2022-11-01 11:10:00', 'Home renovation', 'system', NOW(), 'cash', NULL),
(100000059, 240.00, '2022-11-05 16:25:00', 'Bathroom fixtures', 'system', NOW(), 'cash', NULL),
(100000060, 185.00, '2022-11-10 13:40:00', 'Plumbing materials', 'system', NOW(), 'cash', NULL),
(100000061, 400.00, '2022-11-15 10:55:00', 'Complete bathroom', 'system', NOW(), 'cash', NULL),
(100000062, 125.00, '2022-11-20 15:10:00', 'Renovation project', 'system', NOW(), 'cash', NULL),
(100000063, 85.00, '2022-11-25 12:25:00', 'Building supplies', 'system', NOW(), 'cash', NULL),
(100000064, 110.00, '2022-12-01 09:40:00', 'Fixture purchase', 'system', NOW(), 'cash', NULL),
(100000065, 225.00, '2022-12-05 14:55:00', 'Bathroom set', 'system', NOW(), 'cash', NULL),
(100000066, 195.00, '2022-12-10 11:10:00', 'Plumbing work', 'system', NOW(), 'cash', NULL),
(100000067, 175.00, '2022-12-15 16:25:00', 'Home improvement', 'system', NOW(), 'cash', NULL),
(100000068, 240.00, '2022-12-20 13:40:00', 'Renovation materials', 'system', NOW(), 'cash', NULL),
(100000069, 230.00, '2022-12-25 10:55:00', 'Construction project', 'system', NOW(), 'cash', NULL),
(100000070, 195.00, '2022-12-30 15:10:00', 'Bathroom fixtures', 'system', NOW(), 'cash', NULL),
(100000071, 125.00, '2023-01-05 12:25:00', 'Plumbing supplies', 'system', NOW(), 'cash', NULL),
(100000072, 200.00, '2023-01-10 09:40:00', 'Complete setup', 'system', NOW(), 'cash', NULL),
(100000073, 205.00, '2023-01-15 14:55:00', 'Renovation payment', 'system', NOW(), 'cash', NULL),
(100000074, 160.00, '2023-01-20 11:10:00', 'Materials purchase', 'system', NOW(), 'cash', NULL),
(100000075, 350.00, '2023-01-25 16:25:00', 'Construction supplies', 'system', NOW(), 'cash', NULL),
(100000076, 175.00, '2023-02-01 13:40:00', 'Home renovation', 'system', NOW(), 'cash', NULL),
(100000077, 240.00, '2023-02-05 10:55:00', 'Bathroom fixtures', 'system', NOW(), 'cash', NULL),
(100000078, 185.00, '2023-02-10 15:10:00', 'Plumbing materials', 'system', NOW(), 'cash', NULL),
(100000079, 400.00, '2023-02-15 12:25:00', 'Complete bathroom', 'system', NOW(), 'cash', NULL),
(100000080, 125.00, '2023-02-20 09:40:00', 'Renovation project', 'system', NOW(), 'cash', NULL),
(100000001, 85.00, '2023-02-25 14:55:00', 'Building supplies', 'system', NOW(), 'cash', NULL),
(100000002, 110.00, '2023-03-01 11:10:00', 'Fixture purchase', 'system', NOW(), 'cash', NULL),
(100000003, 225.00, '2023-03-05 16:25:00', 'Bathroom set', 'system', NOW(), 'cash', NULL),
(100000004, 195.00, '2023-03-10 13:40:00', 'Plumbing work', 'system', NOW(), 'cash', NULL),
(100000005, 175.00, '2023-03-15 10:55:00', 'Home improvement', 'system', NOW(), 'cash', NULL),
(100000006, 240.00, '2023-03-20 15:10:00', 'Renovation materials', 'system', NOW(), 'cash', NULL),
(100000007, 230.00, '2023-03-25 12:25:00', 'Construction project', 'system', NOW(), 'cash', NULL),
(100000008, 195.00, '2023-03-30 09:40:00', 'Bathroom fixtures', 'system', NOW(), 'cash', NULL),
(100000009, 125.00, '2023-04-05 14:55:00', 'Plumbing supplies', 'system', NOW(), 'cash', NULL),
(100000010, 200.00, '2023-04-10 11:10:00', 'Complete setup', 'system', NOW(), 'cash', NULL),
(100000011, 205.00, '2023-04-15 16:25:00', 'Renovation payment', 'system', NOW(), 'cash', NULL),
(100000012, 160.00, '2023-04-20 13:40:00', 'Materials purchase', 'system', NOW(), 'cash', NULL),
(100000013, 350.00, '2023-04-25 10:55:00', 'Construction supplies', 'system', NOW(), 'cash', NULL),
(100000014, 175.00, '2023-05-01 15:10:00', 'Home renovation', 'system', NOW(), 'cash', NULL),
(100000015, 240.00, '2023-05-05 12:25:00', 'Bathroom fixtures', 'system', NOW(), 'cash', NULL),
(100000016, 185.00, '2023-05-10 09:40:00', 'Plumbing materials', 'system', NOW(), 'cash', NULL),
(100000017, 400.00, '2023-05-15 14:55:00', 'Complete bathroom', 'system', NOW(), 'cash', NULL),
(100000018, 125.00, '2023-05-20 11:10:00', 'Renovation project', 'system', NOW(), 'cash', NULL),
(100000019, 85.00, '2023-05-25 16:25:00', 'Building supplies', 'system', NOW(), 'cash', NULL),
(100000020, 110.00, '2023-05-30 13:40:00', 'Fixture purchase', 'system', NOW(), 'cash', NULL),
(100000021, 225.00, '2023-06-05 10:55:00', 'Bathroom set', 'system', NOW(), 'cash', NULL),
(100000022, 195.00, '2023-06-10 15:10:00', 'Plumbing work', 'system', NOW(), 'cash', NULL),
(100000023, 175.00, '2023-06-15 12:25:00', 'Home improvement', 'system', NOW(), 'cash', NULL),
(100000024, 240.00, '2023-06-20 09:40:00', 'Renovation materials', 'system', NOW(), 'cash', NULL),
(100000025, 230.00, '2023-06-25 14:55:00', 'Construction project', 'system', NOW(), 'cash', NULL),
(100000026, 195.00, '2023-07-01 11:10:00', 'Bathroom fixtures', 'system', NOW(), 'cash', NULL),
(100000027, 125.00, '2023-07-05 16:25:00', 'Plumbing supplies', 'system', NOW(), 'cash', NULL),
(100000028, 200.00, '2023-07-10 13:40:00', 'Complete setup', 'system', NOW(), 'cash', NULL),
(100000029, 205.00, '2023-07-15 10:55:00', 'Renovation payment', 'system', NOW(), 'cash', NULL),
(100000030, 160.00, '2023-07-20 15:10:00', 'Materials purchase', 'system', NOW(), 'cash', NULL),
(100000031, 350.00, '2023-07-25 12:25:00', 'Construction supplies', 'system', NOW(), 'cash', NULL),
(100000032, 175.00, '2023-08-01 09:40:00', 'Home renovation', 'system', NOW(), 'cash', NULL),
(100000033, 240.00, '2023-08-05 14:55:00', 'Bathroom fixtures', 'system', NOW(), 'cash', NULL),
(100000034, 185.00, '2023-08-10 11:10:00', 'Plumbing materials', 'system', NOW(), 'cash', NULL),
(100000035, 400.00, '2023-08-15 16:25:00', 'Complete bathroom', 'system', NOW(), 'cash', NULL),
(100000036, 125.00, '2023-08-20 13:40:00', 'Renovation project', 'system', NOW(), 'cash', NULL),
(100000037, 85.00, '2023-08-25 10:55:00', 'Building supplies', 'system', NOW(), 'cash', NULL),
(100000038, 110.00, '2023-09-01 15:10:00', 'Fixture purchase', 'system', NOW(), 'cash', NULL),
(100000039, 225.00, '2023-09-05 12:25:00', 'Bathroom set', 'system', NOW(), 'cash', NULL),
(100000040, 195.00, '2023-09-10 09:40:00', 'Plumbing work', 'system', NOW(), 'cash', NULL),
(100000041, 175.00, '2023-09-15 14:55:00', 'Home improvement', 'system', NOW(), 'cash', NULL),
(100000042, 240.00, '2023-09-20 11:10:00', 'Renovation materials', 'system', NOW(), 'cash', NULL),
(100000043, 230.00, '2023-09-25 16:25:00', 'Construction project', 'system', NOW(), 'cash', NULL),
(100000044, 195.00, '2023-10-01 13:40:00', 'Bathroom fixtures', 'system', NOW(), 'cash', NULL),
(100000045, 125.00, '2023-10-05 10:55:00', 'Plumbing supplies', 'system', NOW(), 'cash', NULL),
(100000046, 200.00, '2023-10-10 15:10:00', 'Complete setup', 'system', NOW(), 'cash', NULL),
(100000047, 205.00, '2023-10-15 12:25:00', 'Renovation payment', 'system', NOW(), 'cash', NULL),
(100000048, 160.00, '2023-10-20 09:40:00', 'Materials purchase', 'system', NOW(), 'cash', NULL),
(100000049, 350.00, '2023-10-25 14:55:00', 'Construction supplies', 'system', NOW(), 'cash', NULL),
(100000050, 175.00, '2023-11-01 11:10:00', 'Home renovation', 'system', NOW(), 'cash', NULL),
(100000051, 240.00, '2023-11-05 16:25:00', 'Bathroom fixtures', 'system', NOW(), 'cash', NULL),
(100000052, 185.00, '2023-11-10 13:40:00', 'Plumbing materials', 'system', NOW(), 'cash', NULL),
(100000053, 400.00, '2023-11-15 10:55:00', 'Complete bathroom', 'system', NOW(), 'cash', NULL),
(100000054, 125.00, '2023-11-20 15:10:00', 'Renovation project', 'system', NOW(), 'cash', NULL),
(100000055, 85.00, '2023-11-25 12:25:00', 'Building supplies', 'system', NOW(), 'cash', NULL),
(100000056, 110.00, '2023-12-01 09:40:00', 'Fixture purchase', 'system', NOW(), 'cash', NULL),
(100000057, 225.00, '2023-12-05 14:55:00', 'Bathroom set', 'system', NOW(), 'cash', NULL),
(100000058, 195.00, '2023-12-10 11:10:00', 'Plumbing work', 'system', NOW(), 'cash', NULL),
(100000059, 175.00, '2023-12-15 16:25:00', 'Home improvement', 'system', NOW(), 'cash', NULL),
(100000060, 240.00, '2023-12-20 13:40:00', 'Renovation materials', 'system', NOW(), 'cash', NULL),
(100000061, 230.00, '2023-12-25 10:55:00', 'Construction project', 'system', NOW(), 'cash', NULL),
(100000062, 195.00, '2023-12-30 15:10:00', 'Bathroom fixtures', 'system', NOW(), 'cash', NULL),
(100000063, 125.00, '2024-01-05 12:25:00', 'Plumbing supplies', 'system', NOW(), 'cash', NULL),
(100000064, 200.00, '2024-01-10 09:40:00', 'Complete setup', 'system', NOW(), 'cash', NULL),
(100000065, 205.00, '2024-01-15 14:55:00', 'Renovation payment', 'system', NOW(), 'cash', NULL),
(100000066, 160.00, '2024-01-20 11:10:00', 'Materials purchase', 'system', NOW(), 'cash', NULL),
(100000067, 350.00, '2024-01-25 16:25:00', 'Construction supplies', 'system', NOW(), 'cash', NULL),
(100000068, 175.00, '2024-02-01 13:40:00', 'Home renovation', 'system', NOW(), 'cash', NULL),
(100000069, 240.00, '2024-02-05 10:55:00', 'Bathroom fixtures', 'system', NOW(), 'cash', NULL),
(100000070, 185.00, '2024-02-10 15:10:00', 'Plumbing materials', 'system', NOW(), 'cash', NULL),
(100000071, 400.00, '2024-02-15 12:25:00', 'Complete bathroom', 'system', NOW(), 'cash', NULL),
(100000072, 125.00, '2024-02-20 09:40:00', 'Renovation project', 'system', NOW(), 'cash', NULL),
(100000073, 85.00, '2024-02-25 14:55:00', 'Building supplies', 'system', NOW(), 'cash', NULL),
(100000074, 110.00, '2024-03-01 11:10:00', 'Fixture purchase', 'system', NOW(), 'cash', NULL),
(100000075, 225.00, '2024-03-05 16:25:00', 'Bathroom set', 'system', NOW(), 'cash', NULL),
(100000076, 195.00, '2024-03-10 13:40:00', 'Plumbing work', 'system', NOW(), 'cash', NULL),
(100000077, 175.00, '2024-03-15 10:55:00', 'Home improvement', 'system', NOW(), 'cash', NULL),
(100000078, 240.00, '2024-03-20 15:10:00', 'Renovation materials', 'system', NOW(), 'cash', NULL),
(100000079, 230.00, '2024-03-25 12:25:00', 'Construction project', 'system', NOW(), 'cash', NULL),
(100000080, 195.00, '2024-03-30 09:40:00', 'Bathroom fixtures', 'system', NOW(), 'cash', NULL),
(100000001, 125.00, '2024-04-05 14:55:00', 'Plumbing supplies', 'system', NOW(), 'cash', NULL),
(100000002, 200.00, '2024-04-10 11:10:00', 'Complete setup', 'system', NOW(), 'cash', NULL),
(100000003, 205.00, '2024-04-15 16:25:00', 'Renovation payment', 'system', NOW(), 'cash', NULL),
(100000004, 160.00, '2024-04-20 13:40:00', 'Materials purchase', 'system', NOW(), 'cash', NULL),
(100000005, 350.00, '2024-04-25 10:55:00', 'Construction supplies', 'system', NOW(), 'cash', NULL),
(100000006, 175.00, '2024-05-01 15:10:00', 'Home renovation', 'system', NOW(), 'cash', NULL),
(100000007, 240.00, '2024-05-05 12:25:00', 'Bathroom fixtures', 'system', NOW(), 'cash', NULL),
(100000008, 185.00, '2024-05-10 09:40:00', 'Plumbing materials', 'system', NOW(), 'cash', NULL),
(100000009, 400.00, '2024-05-15 14:55:00', 'Complete bathroom', 'system', NOW(), 'cash', NULL),
(100000010, 125.00, '2024-05-20 11:10:00', 'Renovation project', 'system', NOW(), 'cash', NULL),
(100000011, 85.00, '2024-05-25 16:25:00', 'Building supplies', 'system', NOW(), 'cash', NULL),
(100000012, 110.00, '2024-06-01 13:40:00', 'Fixture purchase', 'system', NOW(), 'cash', NULL),
(100000013, 225.00, '2024-06-05 10:55:00', 'Bathroom set', 'system', NOW(), 'cash', NULL),
(100000014, 195.00, '2024-06-10 15:10:00', 'Plumbing work', 'system', NOW(), 'cash', NULL),
(100000015, 175.00, '2024-06-15 12:25:00', 'Home improvement', 'system', NOW(), 'cash', NULL),
(100000016, 240.00, '2024-06-20 09:40:00', 'Renovation materials', 'system', NOW(), 'cash', NULL),
(100000017, 230.00, '2024-06-25 14:55:00', 'Construction project', 'system', NOW(), 'cash', NULL),
(100000018, 195.00, '2024-07-01 11:10:00', 'Bathroom fixtures', 'system', NOW(), 'cash', NULL),
(100000019, 125.00, '2024-07-05 16:25:00', 'Plumbing supplies', 'system', NOW(), 'cash', NULL),
(100000020, 200.00, '2024-07-10 13:40:00', 'Complete setup', 'system', NOW(), 'cash', NULL),
-- Check payments (100) - referencing customer_checks
(100000001, 150.00, '2022-01-15 10:30:00', 'Payment for toilet order', 'system', NOW(), 'check', 100000001),
(100000002, 220.00, '2022-01-20 14:15:00', 'Bathroom fixtures payment', 'system', NOW(), 'check', 100000002),
(100000003, 190.00, '2022-01-25 09:45:00', 'Sink and faucet purchase', 'system', NOW(), 'check', 100000003),
(100000004, 230.00, '2022-02-01 11:20:00', 'Shower system payment', 'system', NOW(), 'check', 100000004),
(100000005, 400.00, '2022-02-05 16:30:00', 'Bathtub delivery payment', 'system', NOW(), 'check', 100000005),
(100000006, 30.00, '2022-02-10 13:45:00', 'Accessories order payment', 'system', NOW(), 'check', 100000006),
(100000007, 240.00, '2022-02-15 10:15:00', 'Complete bathroom set', 'system', NOW(), 'check', 100000007),
(100000008, 125.00, '2022-02-20 15:30:00', 'Renovation materials', 'system', NOW(), 'check', 100000008),
(100000009, 45.00, '2022-02-25 12:00:00', 'Plumbing supplies', 'system', NOW(), 'check', 100000009),
(100000010, 200.00, '2022-03-01 14:20:00', 'Monthly payment', 'system', NOW(), 'check', 100000010),
(100000011, 350.00, '2022-03-05 11:45:00', 'Construction project', 'system', NOW(), 'check', 100000011),
(100000012, 85.00, '2022-03-10 16:15:00', 'Building supplies', 'system', NOW(), 'check', 100000012),
(100000013, 175.00, '2022-03-15 09:30:00', 'Home improvement', 'system', NOW(), 'check', 100000013),
(100000014, 240.00, '2022-03-20 13:45:00', 'Bathroom renovation', 'system', NOW(), 'check', 100000014),
(100000015, 155.00, '2022-03-25 10:20:00', 'Plumbing work', 'system', NOW(), 'check', 100000015),
(100000016, 95.00, '2022-03-30 15:10:00', 'Fixture installation', 'system', NOW(), 'check', 100000016),
(100000017, 200.00, '2022-04-05 11:30:00', 'Complete setup', 'system', NOW(), 'check', 100000017),
(100000018, 260.00, '2022-04-10 14:45:00', 'Bathroom project', 'system', NOW(), 'check', 100000018),
(100000019, 205.00, '2022-04-15 09:15:00', 'Renovation payment', 'system', NOW(), 'check', 100000019),
(100000020, 160.00, '2022-04-20 16:30:00', 'Materials purchase', 'system', NOW(), 'check', 100000020),
(100000021, 350.00, '2022-04-25 12:45:00', 'Construction supplies', 'system', NOW(), 'check', 100000021),
(100000022, 175.00, '2022-05-01 10:20:00', 'Home renovation', 'system', NOW(), 'check', 100000022),
(100000023, 240.00, '2022-05-05 15:35:00', 'Bathroom fixtures', 'system', NOW(), 'check', 100000023),
(100000024, 185.00, '2022-05-10 11:50:00', 'Plumbing materials', 'system', NOW(), 'check', 100000024),
(100000025, 400.00, '2022-05-15 14:10:00', 'Complete bathroom', 'system', NOW(), 'check', 100000025),
(100000026, 125.00, '2022-05-20 09:25:00', 'Renovation project', 'system', NOW(), 'check', 100000026),
(100000027, 85.00, '2022-05-25 16:40:00', 'Building supplies', 'system', NOW(), 'check', 100000027),
(100000028, 110.00, '2022-06-01 13:15:00', 'Fixture purchase', 'system', NOW(), 'check', 100000028),
(100000029, 225.00, '2022-06-05 10:30:00', 'Bathroom set', 'system', NOW(), 'check', 100000029),
(100000030, 195.00, '2022-06-10 15:45:00', 'Plumbing work', 'system', NOW(), 'check', 100000030),
(100000031, 175.00, '2022-06-15 12:20:00', 'Home improvement', 'system', NOW(), 'check', 100000031),
(100000032, 240.00, '2022-06-20 09:35:00', 'Renovation materials', 'system', NOW(), 'check', 100000032),
(100000033, 230.00, '2022-06-25 14:50:00', 'Construction project', 'system', NOW(), 'check', 100000033),
(100000034, 195.00, '2022-07-01 11:05:00', 'Bathroom fixtures', 'system', NOW(), 'check', 100000034),
(100000035, 125.00, '2022-07-05 16:20:00', 'Plumbing supplies', 'system', NOW(), 'check', 100000035),
(100000036, 200.00, '2022-07-10 13:40:00', 'Complete setup', 'system', NOW(), 'check', 100000036),
(100000037, 205.00, '2022-07-15 10:55:00', 'Renovation payment', 'system', NOW(), 'check', 100000037),
(100000038, 160.00, '2022-07-20 15:10:00', 'Materials purchase', 'system', NOW(), 'check', 100000038),
(100000039, 350.00, '2022-07-25 12:25:00', 'Construction supplies', 'system', NOW(), 'check', 100000039),
(100000040, 175.00, '2022-08-01 09:40:00', 'Home renovation', 'system', NOW(), 'check', 100000040),
(100000041, 240.00, '2022-08-05 14:55:00', 'Bathroom fixtures', 'system', NOW(), 'check', 100000041),
(100000042, 185.00, '2022-08-10 11:10:00', 'Plumbing materials', 'system', NOW(), 'check', 100000042),
(100000043, 400.00, '2022-08-15 16:25:00', 'Complete bathroom', 'system', NOW(), 'check', 100000043),
(100000044, 125.00, '2022-08-20 13:40:00', 'Renovation project', 'system', NOW(), 'check', 100000044),
(100000045, 85.00, '2022-08-25 10:55:00', 'Building supplies', 'system', NOW(), 'check', 100000045),
(100000046, 110.00, '2022-09-01 15:10:00', 'Fixture purchase', 'system', NOW(), 'check', 100000046),
(100000047, 225.00, '2022-09-05 12:25:00', 'Bathroom set', 'system', NOW(), 'check', 100000047),
(100000048, 195.00, '2022-09-10 09:40:00', 'Plumbing work', 'system', NOW(), 'check', 100000048),
(100000049, 175.00, '2022-09-15 14:55:00', 'Home improvement', 'system', NOW(), 'check', 100000049),
(100000050, 240.00, '2022-09-20 11:10:00', 'Renovation materials', 'system', NOW(), 'check', 100000050),
(100000051, 230.00, '2022-09-25 16:25:00', 'Construction project', 'system', NOW(), 'check', 100000051),
(100000052, 195.00, '2022-10-01 13:40:00', 'Bathroom fixtures', 'system', NOW(), 'check', 100000052),
(100000053, 125.00, '2022-10-05 10:55:00', 'Plumbing supplies', 'system', NOW(), 'check', 100000053),
(100000054, 200.00, '2022-10-10 15:10:00', 'Complete setup', 'system', NOW(), 'check', 100000054),
(100000055, 205.00, '2022-10-15 12:25:00', 'Renovation payment', 'system', NOW(), 'check', 100000055),
(100000056, 160.00, '2022-10-20 09:40:00', 'Materials purchase', 'system', NOW(), 'check', 100000056),
(100000057, 350.00, '2022-10-25 14:55:00', 'Construction supplies', 'system', NOW(), 'check', 100000057),
(100000058, 175.00, '2022-11-01 11:10:00', 'Home renovation', 'system', NOW(), 'check', 100000058),
(100000059, 240.00, '2022-11-05 16:25:00', 'Bathroom fixtures', 'system', NOW(), 'check', 100000059),
(100000060, 185.00, '2022-11-10 13:40:00', 'Plumbing materials', 'system', NOW(), 'check', 100000060),
(100000061, 400.00, '2022-11-15 10:55:00', 'Complete bathroom', 'system', NOW(), 'cash', NULL),
(100000062, 125.00, '2022-11-20 15:10:00', 'Renovation project', 'system', NOW(), 'cash', NULL),
(100000063, 85.00, '2022-11-25 12:25:00', 'Building supplies', 'system', NOW(), 'cash', NULL),
(100000064, 110.00, '2022-12-01 09:40:00', 'Fixture purchase', 'system', NOW(), 'cash', NULL),
(100000065, 225.00, '2022-12-05 14:55:00', 'Bathroom set', 'system', NOW(), 'cash', NULL),
(100000066, 195.00, '2022-12-10 11:10:00', 'Plumbing work', 'system', NOW(), 'cash', NULL),
(100000067, 175.00, '2022-12-15 16:25:00', 'Home improvement', 'system', NOW(), 'cash', NULL),
(100000068, 240.00, '2022-12-20 13:40:00', 'Renovation materials', 'system', NOW(), 'cash', NULL),
(100000069, 230.00, '2022-12-25 10:55:00', 'Construction project', 'system', NOW(), 'cash', NULL),
(100000070, 195.00, '2022-12-30 15:10:00', 'Bathroom fixtures', 'system', NOW(), 'cash', NULL),
(100000071, 125.00, '2023-01-05 12:25:00', 'Plumbing supplies', 'system', NOW(), 'cash', NULL),
(100000072, 200.00, '2023-01-10 09:40:00', 'Complete setup', 'system', NOW(), 'cash', NULL),
(100000073, 205.00, '2023-01-15 14:55:00', 'Renovation payment', 'system', NOW(), 'cash', NULL),
(100000074, 160.00, '2023-01-20 11:10:00', 'Materials purchase', 'system', NOW(), 'cash', NULL),
(100000075, 350.00, '2023-01-25 16:25:00', 'Construction supplies', 'system', NOW(), 'cash', NULL),
(100000076, 175.00, '2023-02-01 13:40:00', 'Home renovation', 'system', NOW(), 'cash', NULL),
(100000077, 240.00, '2023-02-05 10:55:00', 'Bathroom fixtures', 'system', NOW(), 'cash', NULL),
(100000078, 185.00, '2023-02-10 15:10:00', 'Plumbing materials', 'system', NOW(), 'cash', NULL),
(100000079, 400.00, '2023-02-15 12:25:00', 'Complete bathroom', 'system', NOW(), 'cash', NULL),
(100000080, 125.00, '2023-02-20 09:40:00', 'Renovation project', 'system', NOW(), 'cash', NULL),
(100000001, 85.00, '2023-02-25 14:55:00', 'Building supplies', 'system', NOW(), 'cash', NULL),
(100000002, 110.00, '2023-03-01 11:10:00', 'Fixture purchase', 'system', NOW(), 'cash', NULL),
(100000003, 225.00, '2023-03-05 16:25:00', 'Bathroom set', 'system', NOW(), 'cash', NULL),
(100000004, 195.00, '2023-03-10 13:40:00', 'Plumbing work', 'system', NOW(), 'cash', NULL),
(100000005, 175.00, '2023-03-15 10:55:00', 'Home improvement', 'system', NOW(), 'cash', NULL),
(100000006, 240.00, '2023-03-20 15:10:00', 'Renovation materials', 'system', NOW(), 'cash', NULL),
(100000007, 230.00, '2023-03-25 12:25:00', 'Construction project', 'system', NOW(), 'cash', NULL),
(100000008, 195.00, '2023-03-30 09:40:00', 'Bathroom fixtures', 'system', NOW(), 'cash', NULL),
(100000009, 125.00, '2023-04-05 14:55:00', 'Plumbing supplies', 'system', NOW(), 'cash', NULL),
(100000010, 200.00, '2023-04-10 11:10:00', 'Complete setup', 'system', NOW(), 'cash', NULL),
(100000011, 205.00, '2023-04-15 16:25:00', 'Renovation payment', 'system', NOW(), 'cash', NULL),
(100000012, 160.00, '2023-04-20 13:40:00', 'Materials purchase', 'system', NOW(), 'cash', NULL),
(100000013, 350.00, '2023-04-25 10:55:00', 'Construction supplies', 'system', NOW(), 'cash', NULL),
(100000014, 175.00, '2023-05-01 15:10:00', 'Home renovation', 'system', NOW(), 'cash', NULL),
(100000015, 240.00, '2023-05-05 12:25:00', 'Bathroom fixtures', 'system', NOW(), 'cash', NULL),
(100000016, 185.00, '2023-05-10 09:40:00', 'Plumbing materials', 'system', NOW(), 'cash', NULL),
(100000017, 400.00, '2023-05-15 14:55:00', 'Complete bathroom', 'system', NOW(), 'cash', NULL),
(100000018, 125.00, '2023-05-20 11:10:00', 'Renovation project', 'system', NOW(), 'cash', NULL),
(100000019, 85.00, '2023-05-25 16:25:00', 'Building supplies', 'system', NOW(), 'cash', NULL),
(100000020, 110.00, '2023-05-30 13:40:00', 'Fixture purchase', 'system', NOW(), 'cash', NULL);

-- Outgoing payments (300 total: 200 cash, 100 check)
INSERT INTO outgoing_payment (supplier_id, amount, date_time, description, last_action_by, last_action_time, payment_method, check_id) VALUES
-- Cash payments (200)
(200000001, 150.00, '2022-01-15 10:30:00', 'Supplier payment for materials', 'system', NOW(), 'cash', NULL),
(200000002, 220.00, '2022-01-20 14:15:00', 'Bathroom supplies payment', 'system', NOW(), 'cash', NULL),
(200000003, 190.00, '2022-01-25 09:45:00', 'Plumbing equipment purchase', 'system', NOW(), 'cash', NULL),
(200000004, 230.00, '2022-02-01 11:20:00', 'Construction materials', 'system', NOW(), 'cash', NULL),
(200000005, 400.00, '2022-02-05 16:30:00', 'Bulk order payment', 'system', NOW(), 'cash', NULL),
(200000006, 30.00, '2022-02-10 13:45:00', 'Small parts order', 'system', NOW(), 'cash', NULL),
(200000007, 240.00, '2022-02-15 10:15:00', 'Monthly supplier payment', 'system', NOW(), 'cash', NULL),
(200000008, 125.00, '2022-02-20 15:30:00', 'Fixtures delivery', 'system', NOW(), 'cash', NULL),
(200000009, 45.00, '2022-02-25 12:00:00', 'Accessories purchase', 'system', NOW(), 'cash', NULL),
(200000010, 200.00, '2022-03-01 14:20:00', 'Regular payment', 'system', NOW(), 'cash', NULL),
(200000011, 350.00, '2022-03-05 11:45:00', 'Large construction order', 'system', NOW(), 'cash', NULL),
(200000012, 85.00, '2022-03-10 16:15:00', 'Building materials', 'system', NOW(), 'cash', NULL),
(200000013, 175.00, '2022-03-15 09:30:00', 'Home renovation supplies', 'system', NOW(), 'cash', NULL),
(200000014, 240.00, '2022-03-20 13:45:00', 'Bathroom renovation materials', 'system', NOW(), 'cash', NULL),
(200000015, 155.00, '2022-03-25 10:20:00', 'Plumbing work supplies', 'system', NOW(), 'cash', NULL),
(200000016, 95.00, '2022-03-30 15:10:00', 'Fixture installation parts', 'system', NOW(), 'cash', NULL),
(200000017, 200.00, '2022-04-05 11:30:00', 'Complete setup materials', 'system', NOW(), 'cash', NULL),
(200000018, 260.00, '2022-04-10 14:45:00', 'Bathroom project supplies', 'system', NOW(), 'cash', NULL),
(200000019, 205.00, '2022-04-15 09:15:00', 'Renovation materials payment', 'system', NOW(), 'cash', NULL),
(200000020, 160.00, '2022-04-20 16:30:00', 'Materials purchase payment', 'system', NOW(), 'cash', NULL),
(200000021, 350.00, '2022-04-25 12:45:00', 'Construction supplies payment', 'system', NOW(), 'cash', NULL),
(200000022, 175.00, '2022-05-01 10:20:00', 'Home renovation payment', 'system', NOW(), 'cash', NULL),
(200000023, 240.00, '2022-05-05 15:35:00', 'Bathroom fixtures payment', 'system', NOW(), 'cash', NULL),
(200000024, 185.00, '2022-05-10 11:50:00', 'Plumbing materials payment', 'system', NOW(), 'cash', NULL),
(200000025, 400.00, '2022-05-15 14:10:00', 'Complete bathroom payment', 'system', NOW(), 'cash', NULL),
(200000026, 125.00, '2022-05-20 09:25:00', 'Renovation project payment', 'system', NOW(), 'cash', NULL),
(200000027, 85.00, '2022-05-25 16:40:00', 'Building supplies payment', 'system', NOW(), 'cash', NULL),
(200000028, 110.00, '2022-06-01 13:15:00', 'Fixture purchase payment', 'system', NOW(), 'cash', NULL),
(200000029, 225.00, '2022-06-05 10:30:00', 'Bathroom set payment', 'system', NOW(), 'cash', NULL),
(200000030, 195.00, '2022-06-10 15:45:00', 'Plumbing work payment', 'system', NOW(), 'cash', NULL),
(200000001, 175.00, '2022-06-15 12:20:00', 'Home improvement payment', 'system', NOW(), 'cash', NULL),
(200000002, 240.00, '2022-06-20 09:35:00', 'Renovation materials payment', 'system', NOW(), 'cash', NULL),
(200000003, 230.00, '2022-06-25 14:50:00', 'Construction project payment', 'system', NOW(), 'cash', NULL),
(200000004, 195.00, '2022-07-01 11:05:00', 'Bathroom fixtures payment', 'system', NOW(), 'cash', NULL),
(200000005, 125.00, '2022-07-05 16:20:00', 'Plumbing supplies payment', 'system', NOW(), 'cash', NULL),
(200000006, 200.00, '2022-07-10 13:40:00', 'Complete setup payment', 'system', NOW(), 'cash', NULL),
(200000007, 205.00, '2022-07-15 10:55:00', 'Renovation payment', 'system', NOW(), 'cash', NULL),
(200000008, 160.00, '2022-07-20 15:10:00', 'Materials purchase payment', 'system', NOW(), 'cash', NULL),
(200000009, 350.00, '2022-07-25 12:25:00', 'Construction supplies payment', 'system', NOW(), 'cash', NULL),
(200000010, 175.00, '2022-08-01 09:40:00', 'Home renovation payment', 'system', NOW(), 'cash', NULL),
(200000011, 240.00, '2022-08-05 14:55:00', 'Bathroom fixtures payment', 'system', NOW(), 'cash', NULL),
(200000012, 185.00, '2022-08-10 11:10:00', 'Plumbing materials payment', 'system', NOW(), 'cash', NULL),
(200000013, 400.00, '2022-08-15 16:25:00', 'Complete bathroom payment', 'system', NOW(), 'cash', NULL),
(200000014, 125.00, '2022-08-20 13:40:00', 'Renovation project payment', 'system', NOW(), 'cash', NULL),
(200000015, 85.00, '2022-08-25 10:55:00', 'Building supplies payment', 'system', NOW(), 'cash', NULL),
(200000016, 110.00, '2022-09-01 15:10:00', 'Fixture purchase payment', 'system', NOW(), 'cash', NULL),
(200000017, 225.00, '2022-09-05 12:25:00', 'Bathroom set payment', 'system', NOW(), 'cash', NULL),
(200000018, 195.00, '2022-09-10 09:40:00', 'Plumbing work payment', 'system', NOW(), 'cash', NULL),
(200000019, 175.00, '2022-09-15 14:55:00', 'Home improvement payment', 'system', NOW(), 'cash', NULL),
(200000020, 240.00, '2022-09-20 11:10:00', 'Renovation materials payment', 'system', NOW(), 'cash', NULL),
(200000021, 230.00, '2022-09-25 16:25:00', 'Construction project payment', 'system', NOW(), 'cash', NULL),
(200000022, 195.00, '2022-10-01 13:40:00', 'Bathroom fixtures payment', 'system', NOW(), 'cash', NULL),
(200000023, 125.00, '2022-10-05 10:55:00', 'Plumbing supplies payment', 'system', NOW(), 'cash', NULL),
(200000024, 200.00, '2022-10-10 15:10:00', 'Complete setup payment', 'system', NOW(), 'cash', NULL),
(200000025, 205.00, '2022-10-15 12:25:00', 'Renovation payment', 'system', NOW(), 'cash', NULL),
(200000026, 160.00, '2022-10-20 09:40:00', 'Materials purchase payment', 'system', NOW(), 'cash', NULL),
(200000027, 350.00, '2022-10-25 14:55:00', 'Construction supplies payment', 'system', NOW(), 'cash', NULL),
(200000028, 175.00, '2022-11-01 11:10:00', 'Home renovation payment', 'system', NOW(), 'cash', NULL),
(200000029, 240.00, '2022-11-05 16:25:00', 'Bathroom fixtures payment', 'system', NOW(), 'cash', NULL),
(200000030, 185.00, '2022-11-10 13:40:00', 'Plumbing materials payment', 'system', NOW(), 'cash', NULL),
(200000001, 400.00, '2022-11-15 10:55:00', 'Complete bathroom payment', 'system', NOW(), 'cash', NULL),
(200000002, 125.00, '2022-11-20 15:10:00', 'Renovation project payment', 'system', NOW(), 'cash', NULL),
(200000003, 85.00, '2022-11-25 12:25:00', 'Building supplies payment', 'system', NOW(), 'cash', NULL),
(200000004, 110.00, '2022-12-01 09:40:00', 'Fixture purchase payment', 'system', NOW(), 'cash', NULL),
(200000005, 225.00, '2022-12-05 14:55:00', 'Bathroom set payment', 'system', NOW(), 'cash', NULL),
(200000006, 195.00, '2022-12-10 11:10:00', 'Plumbing work payment', 'system', NOW(), 'cash', NULL),
(200000007, 175.00, '2022-12-15 16:25:00', 'Home improvement payment', 'system', NOW(), 'cash', NULL),
(200000008, 240.00, '2022-12-20 13:40:00', 'Renovation materials payment', 'system', NOW(), 'cash', NULL),
(200000009, 230.00, '2022-12-25 10:55:00', 'Construction project payment', 'system', NOW(), 'cash', NULL),
(200000010, 195.00, '2022-12-30 15:10:00', 'Bathroom fixtures payment', 'system', NOW(), 'cash', NULL),
(200000011, 125.00, '2023-01-05 12:25:00', 'Plumbing supplies payment', 'system', NOW(), 'cash', NULL),
(200000012, 200.00, '2023-01-10 09:40:00', 'Complete setup payment', 'system', NOW(), 'cash', NULL),
(200000013, 205.00, '2023-01-15 14:55:00', 'Renovation payment', 'system', NOW(), 'cash', NULL),
(200000014, 160.00, '2023-01-20 11:10:00', 'Materials purchase payment', 'system', NOW(), 'cash', NULL),
(200000015, 350.00, '2023-01-25 16:25:00', 'Construction supplies payment', 'system', NOW(), 'cash', NULL),
(200000016, 175.00, '2023-02-01 13:40:00', 'Home renovation payment', 'system', NOW(), 'cash', NULL),
(200000017, 240.00, '2023-02-05 10:55:00', 'Bathroom fixtures payment', 'system', NOW(), 'cash', NULL),
(200000018, 185.00, '2023-02-10 15:10:00', 'Plumbing materials payment', 'system', NOW(), 'cash', NULL),
(200000019, 400.00, '2023-02-15 12:25:00', 'Complete bathroom payment', 'system', NOW(), 'cash', NULL),
(200000020, 125.00, '2023-02-20 09:40:00', 'Renovation project payment', 'system', NOW(), 'cash', NULL),
(200000021, 85.00, '2023-02-25 14:55:00', 'Building supplies payment', 'system', NOW(), 'cash', NULL),
(200000022, 110.00, '2023-03-01 11:10:00', 'Fixture purchase payment', 'system', NOW(), 'cash', NULL),
(200000023, 225.00, '2023-03-05 16:25:00', 'Bathroom set payment', 'system', NOW(), 'cash', NULL),
(200000024, 195.00, '2023-03-10 13:40:00', 'Plumbing work payment', 'system', NOW(), 'cash', NULL),
(200000025, 175.00, '2023-03-15 10:55:00', 'Home improvement payment', 'system', NOW(), 'cash', NULL),
(200000026, 240.00, '2023-03-20 15:10:00', 'Renovation materials payment', 'system', NOW(), 'cash', NULL),
(200000027, 230.00, '2023-03-25 12:25:00', 'Construction project payment', 'system', NOW(), 'cash', NULL),
(200000028, 195.00, '2023-03-30 09:40:00', 'Bathroom fixtures payment', 'system', NOW(), 'cash', NULL),
(200000029, 125.00, '2023-04-05 14:55:00', 'Plumbing supplies payment', 'system', NOW(), 'cash', NULL),
(200000030, 200.00, '2023-04-10 11:10:00', 'Complete setup payment', 'system', NOW(), 'cash', NULL),
(200000001, 205.00, '2023-04-15 16:25:00', 'Renovation payment', 'system', NOW(), 'cash', NULL),
(200000002, 160.00, '2023-04-20 13:40:00', 'Materials purchase payment', 'system', NOW(), 'cash', NULL),
(200000003, 350.00, '2023-04-25 10:55:00', 'Construction supplies payment', 'system', NOW(), 'cash', NULL),
(200000004, 175.00, '2023-05-01 15:10:00', 'Home renovation payment', 'system', NOW(), 'cash', NULL),
(200000005, 240.00, '2023-05-05 12:25:00', 'Bathroom fixtures payment', 'system', NOW(), 'cash', NULL),
(200000006, 185.00, '2023-05-10 09:40:00', 'Plumbing materials payment', 'system', NOW(), 'cash', NULL),
(200000007, 400.00, '2023-05-15 14:55:00', 'Complete bathroom payment', 'system', NOW(), 'cash', NULL),
(200000008, 125.00, '2023-05-20 11:10:00', 'Renovation project payment', 'system', NOW(), 'cash', NULL),
(200000009, 85.00, '2023-05-25 16:25:00', 'Building supplies payment', 'system', NOW(), 'cash', NULL),
(200000010, 110.00, '2023-05-30 13:40:00', 'Fixture purchase payment', 'system', NOW(), 'cash', NULL),
(200000011, 225.00, '2023-06-05 10:55:00', 'Bathroom set payment', 'system', NOW(), 'cash', NULL),
(200000012, 195.00, '2023-06-10 15:10:00', 'Plumbing work payment', 'system', NOW(), 'cash', NULL),
(200000013, 175.00, '2023-06-15 12:25:00', 'Home improvement payment', 'system', NOW(), 'cash', NULL),
(200000014, 240.00, '2023-06-20 09:40:00', 'Renovation materials payment', 'system', NOW(), 'cash', NULL),
(200000015, 230.00, '2023-06-25 14:55:00', 'Construction project payment', 'system', NOW(), 'cash', NULL),
(200000016, 195.00, '2023-07-01 11:10:00', 'Bathroom fixtures payment', 'system', NOW(), 'cash', NULL),
(200000017, 125.00, '2023-07-05 16:25:00', 'Plumbing supplies payment', 'system', NOW(), 'cash', NULL),
(200000018, 200.00, '2023-07-10 13:40:00', 'Complete setup payment', 'system', NOW(), 'cash', NULL),
(200000019, 205.00, '2023-07-15 10:55:00', 'Renovation payment', 'system', NOW(), 'cash', NULL),
(200000020, 160.00, '2023-07-20 15:10:00', 'Materials purchase payment', 'system', NOW(), 'cash', NULL),
(200000021, 350.00, '2023-07-25 12:25:00', 'Construction supplies payment', 'system', NOW(), 'cash', NULL),
(200000022, 175.00, '2023-08-01 09:40:00', 'Home renovation payment', 'system', NOW(), 'cash', NULL),
(200000023, 240.00, '2023-08-05 14:55:00', 'Bathroom fixtures payment', 'system', NOW(), 'cash', NULL),
(200000024, 185.00, '2023-08-10 11:10:00', 'Plumbing materials payment', 'system', NOW(), 'cash', NULL),
(200000025, 400.00, '2023-08-15 16:25:00', 'Complete bathroom payment', 'system', NOW(), 'cash', NULL),
(200000026, 125.00, '2023-08-20 13:40:00', 'Renovation project payment', 'system', NOW(), 'cash', NULL),
(200000027, 85.00, '2023-08-25 10:55:00', 'Building supplies payment', 'system', NOW(), 'cash', NULL),
(200000028, 110.00, '2023-09-01 15:10:00', 'Fixture purchase payment', 'system', NOW(), 'cash', NULL),
(200000029, 225.00, '2023-09-05 12:25:00', 'Bathroom set payment', 'system', NOW(), 'cash', NULL),
(200000030, 195.00, '2023-09-10 09:40:00', 'Plumbing work payment', 'system', NOW(), 'cash', NULL),
(200000001, 175.00, '2023-09-15 14:55:00', 'Home improvement payment', 'system', NOW(), 'cash', NULL),
(200000002, 240.00, '2023-09-20 11:10:00', 'Renovation materials payment', 'system', NOW(), 'cash', NULL),
(200000003, 230.00, '2023-09-25 16:25:00', 'Construction project payment', 'system', NOW(), 'cash', NULL),
(200000004, 195.00, '2023-10-01 13:40:00', 'Bathroom fixtures payment', 'system', NOW(), 'cash', NULL),
(200000005, 125.00, '2023-10-05 10:55:00', 'Plumbing supplies payment', 'system', NOW(), 'cash', NULL),
(200000006, 200.00, '2023-10-10 15:10:00', 'Complete setup payment', 'system', NOW(), 'cash', NULL),
(200000007, 205.00, '2023-10-15 12:25:00', 'Renovation payment', 'system', NOW(), 'cash', NULL),
(200000008, 160.00, '2023-10-20 09:40:00', 'Materials purchase payment', 'system', NOW(), 'cash', NULL),
(200000009, 350.00, '2023-10-25 14:55:00', 'Construction supplies payment', 'system', NOW(), 'cash', NULL),
(200000010, 175.00, '2023-11-01 11:10:00', 'Home renovation payment', 'system', NOW(), 'cash', NULL),
(200000011, 240.00, '2023-11-05 16:25:00', 'Bathroom fixtures payment', 'system', NOW(), 'cash', NULL),
(200000012, 185.00, '2023-11-10 13:40:00', 'Plumbing materials payment', 'system', NOW(), 'cash', NULL),
(200000013, 400.00, '2023-11-15 10:55:00', 'Complete bathroom payment', 'system', NOW(), 'cash', NULL),
(200000014, 125.00, '2023-11-20 15:10:00', 'Renovation project payment', 'system', NOW(), 'cash', NULL),
(200000015, 85.00, '2023-11-25 12:25:00', 'Building supplies payment', 'system', NOW(), 'cash', NULL),
(200000016, 110.00, '2023-12-01 09:40:00', 'Fixture purchase payment', 'system', NOW(), 'cash', NULL),
(200000017, 225.00, '2023-12-05 14:55:00', 'Bathroom set payment', 'system', NOW(), 'cash', NULL),
(200000018, 195.00, '2023-12-10 11:10:00', 'Plumbing work payment', 'system', NOW(), 'cash', NULL),
(200000019, 175.00, '2023-12-15 16:25:00', 'Home improvement payment', 'system', NOW(), 'cash', NULL),
(200000020, 240.00, '2023-12-20 13:40:00', 'Renovation materials payment', 'system', NOW(), 'cash', NULL),
(200000021, 230.00, '2023-12-25 10:55:00', 'Construction project payment', 'system', NOW(), 'cash', NULL),
(200000022, 195.00, '2023-12-30 15:10:00', 'Bathroom fixtures payment', 'system', NOW(), 'cash', NULL),
(200000023, 125.00, '2024-01-05 12:25:00', 'Plumbing supplies payment', 'system', NOW(), 'cash', NULL),
(200000024, 200.00, '2024-01-10 09:40:00', 'Complete setup payment', 'system', NOW(), 'cash', NULL),
(200000025, 205.00, '2024-01-15 14:55:00', 'Renovation payment', 'system', NOW(), 'cash', NULL),
(200000026, 160.00, '2024-01-20 11:10:00', 'Materials purchase payment', 'system', NOW(), 'cash', NULL),
(200000027, 350.00, '2024-01-25 16:25:00', 'Construction supplies payment', 'system', NOW(), 'cash', NULL),
(200000028, 175.00, '2024-02-01 13:40:00', 'Home renovation payment', 'system', NOW(), 'cash', NULL),
(200000029, 240.00, '2024-02-05 10:55:00', 'Bathroom fixtures payment', 'system', NOW(), 'cash', NULL),
(200000030, 185.00, '2024-02-10 15:10:00', 'Plumbing materials payment', 'system', NOW(), 'cash', NULL),
(200000001, 400.00, '2024-02-15 12:25:00', 'Complete bathroom payment', 'system', NOW(), 'cash', NULL),
(200000002, 125.00, '2024-02-20 09:40:00', 'Renovation project payment', 'system', NOW(), 'cash', NULL),
(200000003, 85.00, '2024-02-25 14:55:00', 'Building supplies payment', 'system', NOW(), 'cash', NULL),
(200000004, 110.00, '2024-03-01 11:10:00', 'Fixture purchase payment', 'system', NOW(), 'cash', NULL),
(200000005, 225.00, '2024-03-05 16:25:00', 'Bathroom set payment', 'system', NOW(), 'cash', NULL),
(200000006, 195.00, '2024-03-10 13:40:00', 'Plumbing work payment', 'system', NOW(), 'cash', NULL),
(200000007, 175.00, '2024-03-15 10:55:00', 'Home improvement payment', 'system', NOW(), 'cash', NULL),
(200000008, 240.00, '2024-03-20 15:10:00', 'Renovation materials payment', 'system', NOW(), 'cash', NULL),
(200000009, 230.00, '2024-03-25 12:25:00', 'Construction project payment', 'system', NOW(), 'cash', NULL),
(200000010, 195.00, '2024-03-30 09:40:00', 'Bathroom fixtures payment', 'system', NOW(), 'cash', NULL),
(200000011, 125.00, '2024-04-05 14:55:00', 'Plumbing supplies payment', 'system', NOW(), 'cash', NULL),
(200000012, 200.00, '2024-04-10 11:10:00', 'Complete setup payment', 'system', NOW(), 'cash', NULL),
(200000013, 205.00, '2024-04-15 16:25:00', 'Renovation payment', 'system', NOW(), 'cash', NULL),
(200000014, 160.00, '2024-04-20 13:40:00', 'Materials purchase payment', 'system', NOW(), 'cash', NULL),
(200000015, 350.00, '2024-04-25 10:55:00', 'Construction supplies payment', 'system', NOW(), 'cash', NULL),
(200000016, 175.00, '2024-05-01 15:10:00', 'Home renovation payment', 'system', NOW(), 'cash', NULL),
(200000017, 240.00, '2024-05-05 12:25:00', 'Bathroom fixtures payment', 'system', NOW(), 'cash', NULL),
(200000018, 185.00, '2024-05-10 09:40:00', 'Plumbing materials payment', 'system', NOW(), 'cash', NULL),
(200000019, 400.00, '2024-05-15 14:55:00', 'Complete bathroom payment', 'system', NOW(), 'cash', NULL),
(200000020, 125.00, '2024-05-20 11:10:00', 'Renovation project payment', 'system', NOW(), 'cash', NULL),
(200000021, 85.00, '2024-05-25 16:25:00', 'Building supplies payment', 'system', NOW(), 'cash', NULL),
(200000022, 110.00, '2024-06-01 13:40:00', 'Fixture purchase payment', 'system', NOW(), 'cash', NULL),
(200000023, 225.00, '2024-06-05 10:55:00', 'Bathroom set payment', 'system', NOW(), 'cash', NULL),
(200000024, 195.00, '2024-06-10 15:10:00', 'Plumbing work payment', 'system', NOW(), 'cash', NULL),
(200000025, 175.00, '2024-06-15 12:25:00', 'Home improvement payment', 'system', NOW(), 'cash', NULL),
(200000026, 240.00, '2024-06-20 09:40:00', 'Renovation materials payment', 'system', NOW(), 'cash', NULL),
(200000027, 230.00, '2024-06-25 14:55:00', 'Construction project payment', 'system', NOW(), 'cash', NULL),
(200000028, 195.00, '2024-07-01 11:10:00', 'Bathroom fixtures payment', 'system', NOW(), 'cash', NULL),
(200000029, 125.00, '2024-07-05 16:25:00', 'Plumbing supplies payment', 'system', NOW(), 'cash', NULL),
(200000030, 200.00, '2024-07-10 13:40:00', 'Complete setup payment', 'system', NOW(), 'cash', NULL),
-- Check payments (100) - referencing supplier_checks
(200000001, 150.00, '2022-01-15 10:30:00', 'Supplier payment for materials', 'system', NOW(), 'check', 200000001),
(200000002, 220.00, '2022-01-20 14:15:00', 'Bathroom supplies payment', 'system', NOW(), 'check', 200000002),
(200000003, 190.00, '2022-01-25 09:45:00', 'Plumbing equipment purchase', 'system', NOW(), 'check', 200000003),
(200000004, 230.00, '2022-02-01 11:20:00', 'Construction materials', 'system', NOW(), 'check', 200000004),
(200000005, 400.00, '2022-02-05 16:30:00', 'Bulk order payment', 'system', NOW(), 'check', 200000005),
(200000006, 30.00, '2022-02-10 13:45:00', 'Small parts order', 'system', NOW(), 'check', 200000006),
(200000007, 240.00, '2022-02-15 10:15:00', 'Monthly supplier payment', 'system', NOW(), 'check', 200000007),
(200000008, 125.00, '2022-02-20 15:30:00', 'Fixtures delivery', 'system', NOW(), 'check', 200000008),
(200000009, 45.00, '2022-02-25 12:00:00', 'Accessories purchase', 'system', NOW(), 'check', 200000009),
(200000010, 200.00, '2022-03-01 14:20:00', 'Regular payment', 'system', NOW(), 'check', 200000010),
(200000011, 350.00, '2022-03-05 11:45:00', 'Large construction order', 'system', NOW(), 'check', 200000011),
(200000012, 85.00, '2022-03-10 16:15:00', 'Building materials', 'system', NOW(), 'check', 200000012),
(200000013, 175.00, '2022-03-15 09:30:00', 'Home renovation supplies', 'system', NOW(), 'check', 200000013),
(200000014, 240.00, '2022-03-20 13:45:00', 'Bathroom renovation materials', 'system', NOW(), 'check', 200000014),
(200000015, 155.00, '2022-03-25 10:20:00', 'Plumbing work supplies', 'system', NOW(), 'check', 200000015),
(200000016, 95.00, '2022-03-30 15:10:00', 'Fixture installation parts', 'system', NOW(), 'check', 200000016),
(200000017, 200.00, '2022-04-05 11:30:00', 'Complete setup materials', 'system', NOW(), 'check', 200000017),
(200000018, 260.00, '2022-04-10 14:45:00', 'Bathroom project supplies', 'system', NOW(), 'check', 200000018),
(200000019, 205.00, '2022-04-15 09:15:00', 'Renovation materials payment', 'system', NOW(), 'check', 200000019),
(200000020, 160.00, '2022-04-20 16:30:00', 'Materials purchase payment', 'system', NOW(), 'check', 200000020),
(200000021, 350.00, '2022-04-25 12:45:00', 'Construction supplies payment', 'system', NOW(), 'check', 200000021),
(200000022, 175.00, '2022-05-01 10:20:00', 'Home renovation payment', 'system', NOW(), 'check', 200000022),
(200000023, 240.00, '2022-05-05 15:35:00', 'Bathroom fixtures payment', 'system', NOW(), 'check', 200000023),
(200000024, 185.00, '2022-05-10 11:50:00', 'Plumbing materials payment', 'system', NOW(), 'check', 200000024),
(200000025, 400.00, '2022-05-15 14:10:00', 'Complete bathroom payment', 'system', NOW(), 'check', 200000025),
(200000026, 125.00, '2022-05-20 09:25:00', 'Renovation project payment', 'system', NOW(), 'check', 200000026),
(200000027, 85.00, '2022-05-25 16:40:00', 'Building supplies payment', 'system', NOW(), 'check', 200000027),
(200000028, 110.00, '2022-06-01 13:15:00', 'Fixture purchase payment', 'system', NOW(), 'check', 200000028),
(200000029, 225.00, '2022-06-05 10:30:00', 'Bathroom set payment', 'system', NOW(), 'check', 200000029),
(200000030, 195.00, '2022-06-10 15:45:00', 'Plumbing work payment', 'system', NOW(), 'check', 200000030),
(200000001, 175.00, '2022-06-15 12:20:00', 'Home improvement payment', 'system', NOW(), 'check', 200000031),
(200000002, 240.00, '2022-06-20 09:35:00', 'Renovation materials payment', 'system', NOW(), 'check', 200000032),
(200000003, 230.00, '2022-06-25 14:50:00', 'Construction project payment', 'system', NOW(), 'check', 200000033),
(200000004, 195.00, '2022-07-01 11:05:00', 'Bathroom fixtures payment', 'system', NOW(), 'check', 200000034),
(200000005, 125.00, '2022-07-05 16:20:00', 'Plumbing supplies payment', 'system', NOW(), 'check', 200000035),
(200000006, 200.00, '2022-07-10 13:40:00', 'Complete setup payment', 'system', NOW(), 'check', 200000036),
(200000007, 205.00, '2022-07-15 10:55:00', 'Renovation payment', 'system', NOW(), 'check', 200000037),
(200000008, 160.00, '2022-07-20 15:10:00', 'Materials purchase payment', 'system', NOW(), 'check', 200000038),
(200000009, 350.00, '2022-07-25 12:25:00', 'Construction supplies payment', 'system', NOW(), 'check', 200000039),
(200000010, 175.00, '2022-08-01 09:40:00', 'Home renovation payment', 'system', NOW(), 'check', 200000040),
(200000011, 240.00, '2022-08-05 14:55:00', 'Bathroom fixtures payment', 'system', NOW(), 'check', 200000041),
(200000012, 185.00, '2022-08-10 11:10:00', 'Plumbing materials payment', 'system', NOW(), 'check', 200000042),
(200000013, 400.00, '2022-08-15 16:25:00', 'Complete bathroom payment', 'system', NOW(), 'check', 200000043),
(200000014, 125.00, '2022-08-20 13:40:00', 'Renovation project payment', 'system', NOW(), 'check', 200000044),
(200000015, 85.00, '2022-08-25 10:55:00', 'Building supplies payment', 'system', NOW(), 'check', 200000045),
(200000016, 110.00, '2022-09-01 15:10:00', 'Fixture purchase payment', 'system', NOW(), 'check', 200000046),
(200000017, 225.00, '2022-09-05 12:25:00', 'Bathroom set payment', 'system', NOW(), 'check', 200000047),
(200000018, 195.00, '2022-09-10 09:40:00', 'Plumbing work payment', 'system', NOW(), 'check', 200000048),
(200000019, 175.00, '2022-09-15 14:55:00', 'Home improvement payment', 'system', NOW(), 'check', 200000049),
(200000020, 240.00, '2022-09-20 11:10:00', 'Renovation materials payment', 'system', NOW(), 'check', 200000050),
(200000021, 230.00, '2022-09-25 16:25:00', 'Construction project payment', 'system', NOW(), 'check', 200000051),
(200000022, 195.00, '2022-10-01 13:40:00', 'Bathroom fixtures payment', 'system', NOW(), 'check', 200000052),
(200000023, 125.00, '2022-10-05 10:55:00', 'Plumbing supplies payment', 'system', NOW(), 'check', 200000053),
(200000024, 200.00, '2022-10-10 15:10:00', 'Complete setup payment', 'system', NOW(), 'check', 200000054),
(200000025, 205.00, '2022-10-15 12:25:00', 'Renovation payment', 'system', NOW(), 'check', 200000055),
(200000026, 160.00, '2022-10-20 09:40:00', 'Materials purchase payment', 'system', NOW(), 'check', 200000056),
(200000027, 350.00, '2022-10-25 14:55:00', 'Construction supplies payment', 'system', NOW(), 'check', 200000057),
(200000028, 175.00, '2022-11-01 11:10:00', 'Home renovation payment', 'system', NOW(), 'check', 200000058),
(200000029, 240.00, '2022-11-05 16:25:00', 'Bathroom fixtures payment', 'system', NOW(), 'check', 200000059),
(200000030, 185.00, '2022-11-10 13:40:00', 'Plumbing materials payment', 'system', NOW(), 'check', 200000060),
(200000001, 400.00, '2022-11-15 10:55:00', 'Complete bathroom payment', 'system', NOW(), 'cash', NULL),
(200000002, 125.00, '2022-11-20 15:10:00', 'Renovation project payment', 'system', NOW(), 'cash', NULL),
(200000003, 85.00, '2022-11-25 12:25:00', 'Building supplies payment', 'system', NOW(), 'cash', NULL),
(200000004, 110.00, '2022-12-01 09:40:00', 'Fixture purchase payment', 'system', NOW(), 'cash', NULL),
(200000005, 225.00, '2022-12-05 14:55:00', 'Bathroom set payment', 'system', NOW(), 'cash', NULL),
(200000006, 195.00, '2022-12-10 11:10:00', 'Plumbing work payment', 'system', NOW(), 'cash', NULL),
(200000007, 175.00, '2022-12-15 16:25:00', 'Home improvement payment', 'system', NOW(), 'cash', NULL),
(200000008, 240.00, '2022-12-20 13:40:00', 'Renovation materials payment', 'system', NOW(), 'cash', NULL),
(200000009, 230.00, '2022-12-25 10:55:00', 'Construction project payment', 'system', NOW(), 'cash', NULL),
(200000010, 195.00, '2022-12-30 15:10:00', 'Bathroom fixtures payment', 'system', NOW(), 'cash', NULL),
(200000011, 125.00, '2023-01-05 12:25:00', 'Plumbing supplies payment', 'system', NOW(), 'cash', NULL),
(200000012, 200.00, '2023-01-10 09:40:00', 'Complete setup payment', 'system', NOW(), 'cash', NULL),
(200000013, 205.00, '2023-01-15 14:55:00', 'Renovation payment', 'system', NOW(), 'cash', NULL),
(200000014, 160.00, '2023-01-20 11:10:00', 'Materials purchase payment', 'system', NOW(), 'cash', NULL),
(200000015, 350.00, '2023-01-25 16:25:00', 'Construction supplies payment', 'system', NOW(), 'cash', NULL),
(200000016, 175.00, '2023-02-01 13:40:00', 'Home renovation payment', 'system', NOW(), 'cash', NULL),
(200000017, 240.00, '2023-02-05 10:55:00', 'Bathroom fixtures payment', 'system', NOW(), 'cash', NULL),
(200000018, 185.00, '2023-02-10 15:10:00', 'Plumbing materials payment', 'system', NOW(), 'cash', NULL),
(200000019, 400.00, '2023-02-15 12:25:00', 'Complete bathroom payment', 'system', NOW(), 'cash', NULL),
(200000020, 125.00, '2023-02-20 09:40:00', 'Renovation project payment', 'system', NOW(), 'cash', NULL),
(200000021, 85.00, '2023-02-25 14:55:00', 'Building supplies payment', 'system', NOW(), 'cash', NULL),
(200000022, 110.00, '2023-03-01 11:10:00', 'Fixture purchase payment', 'system', NOW(), 'cash', NULL),
(200000023, 225.00, '2023-03-05 16:25:00', 'Bathroom set payment', 'system', NOW(), 'cash', NULL),
(200000024, 195.00, '2023-03-10 13:40:00', 'Plumbing work payment', 'system', NOW(), 'cash', NULL),
(200000025, 175.00, '2023-03-15 10:55:00', 'Home improvement payment', 'system', NOW(), 'cash', NULL),
(200000026, 240.00, '2023-03-20 15:10:00', 'Renovation materials payment', 'system', NOW(), 'cash', NULL),
(200000027, 230.00, '2023-03-25 12:25:00', 'Construction project payment', 'system', NOW(), 'cash', NULL),
(200000028, 195.00, '2023-03-30 09:40:00', 'Bathroom fixtures payment', 'system', NOW(), 'cash', NULL),
(200000029, 125.00, '2023-04-05 14:55:00', 'Plumbing supplies payment', 'system', NOW(), 'cash', NULL),
(200000030, 200.00, '2023-04-10 11:10:00', 'Complete setup payment', 'system', NOW(), 'cash', NULL),
(200000001, 205.00, '2023-04-15 16:25:00', 'Renovation payment', 'system', NOW(), 'cash', NULL),
(200000002, 160.00, '2023-04-20 13:40:00', 'Materials purchase payment', 'system', NOW(), 'cash', NULL),
(200000003, 350.00, '2023-04-25 10:55:00', 'Construction supplies payment', 'system', NOW(), 'cash', NULL),
(200000004, 175.00, '2023-05-01 15:10:00', 'Home renovation payment', 'system', NOW(), 'cash', NULL),
(200000005, 240.00, '2023-05-05 12:25:00', 'Bathroom fixtures payment', 'system', NOW(), 'cash', NULL),
(200000006, 185.00, '2023-05-10 09:40:00', 'Plumbing materials payment', 'system', NOW(), 'cash', NULL),
(200000007, 400.00, '2023-05-15 14:55:00', 'Complete bathroom payment', 'system', NOW(), 'cash', NULL),
(200000008, 125.00, '2023-05-20 11:10:00', 'Renovation project payment', 'system', NOW(), 'cash', NULL),
(200000009, 85.00, '2023-05-25 16:25:00', 'Building supplies payment', 'system', NOW(), 'cash', NULL),
(200000010, 110.00, '2023-05-30 13:40:00', 'Fixture purchase payment', 'system', NOW(), 'cash', NULL),

